1101,札幌中央区,43.03840423516405,141.30207757471698
1102,札幌北区,43.13474217087806,141.3540458826371
1103,札幌東区,43.10874311842251,141.40131980483193
1104,札幌白石区,43.0603253516236,141.42517298277608
1105,札幌豊平区,42.99982386239558,141.38895284421844
1106,札幌南区,42.947122143064206,141.18157882140932
1107,札幌西区,43.06392569959823,141.2430711821512
1108,札幌厚別区,43.04333794773775,141.47377728624434
1109,札幌手稲区,43.11580690864585,141.22446907461045
1110,札幌清田区,42.9620411667251,141.4313883988704
1202,函館市,41.837519995813885,140.9257745381136
1203,小樽市,43.15639144062818,141.02624272862317
1204,旭川市,43.75792412496782,142.3700776020623
1205,室蘭市,42.366500900615804,140.98838598885632
1206,釧路市,43.159063398021374,144.06652480266163
1207,帯広市,42.757368503368205,143.0305995615495
1208,北見市,43.85161625070464,143.71520857215478
1209,夕張市,43.043364420961794,142.11063879902167
1210,岩見沢市,43.18087015732507,141.79743214757482
1211,網走市,43.985668506287965,144.21054151228907
1212,留萌市,43.88563261562899,141.75560149842084
1213,苫小牧市,42.682263455938646,141.5795099012689
1214,稚内市,45.33247685026541,141.82822710232978
1215,美唄市,43.338051740623875,141.8818275635186
1216,芦別市,43.42542100470039,142.20159861010274
1217,江別市,43.10729609754808,141.54390112135493
1218,赤平市,43.56790103258513,142.06280180584486
1219,紋別市,44.2031844403682,143.292635464062
1220,士別市,44.11522761032947,142.54052888058206
1221,名寄市,44.33951338424191,142.45930721219864
1222,三笠市,43.23976709249513,141.99271938181303
1223,根室市,43.314007440274395,145.58155429646897
1224,千歳市,42.800482794573846,141.50950472375362
1225,滝川市,43.60837526537965,141.9498687163514
1226,砂川市,43.503284948574155,141.9327295521406
1227,歌志内市,43.49366179083388,142.03877348645952
1228,深川市,43.79334884638978,142.09922505885507
1229,富良野市,43.28182919230588,142.47348366837497
1230,登別市,42.46560894569079,141.0757713545497
1231,恵庭市,42.87124228289155,141.46410585151747
1233,胆振伊達市,42.609728031357115,141.01753268612748
1234,北広島市,42.96155199200871,141.51491636908474
1235,石狩市,43.46581822362053,141.4428893441561
1236,渡島北斗市,41.864109262463884,140.55424531759022
1303,当別町,43.36360309932565,141.56273050234537
1304,新篠津村,43.22436429726225,141.61490166386338
1331,渡島松前町,41.515009349945494,140.06502401748423
1332,福島町,41.52555795893829,140.2496419945749
1333,知内町,41.60309835682696,140.34201426427364
1334,木古内町,41.72764119468652,140.41542276646828
1337,七飯町,41.94877823343795,140.70026412255066
1343,鹿部町,42.021418408753085,140.78246515948928
1345,渡島森町,42.070055025349056,140.5623015722284
1346,八雲町,42.18993865709646,140.2005210620248
1347,長万部町,42.52114732069816,140.31186572400608
1361,檜山江差町,41.885755425943174,140.17734504150897
1362,上ノ国町,41.71386842819593,140.17340171732906
1363,厚沢部町,41.92194565142232,140.34305404399976
1364,乙部町,42.02211694773294,140.18320648190704
1367,奥尻町,42.155356601460355,139.47320656267826
1370,今金町,42.443711921606806,140.09367962824015
1371,せたな町,42.38318717832082,139.90184789340373
1391,島牧村,42.65544290337163,140.070637742597
1392,寿都町,42.79093361023536,140.29954060885916
1393,黒松内町,42.66721339156341,140.36379237858412
1394,蘭越町,42.800317919679244,140.49123816800667
1395,ニセコ町,42.77978943178218,140.67417502250825
1396,真狩村,42.75746575176859,140.79824869323014
1397,留寿都村,42.718268373167895,140.9000054945795
1398,喜茂別町,42.79828245582,141.00522954534568
1399,京極町,42.88771465319109,140.94271088157458
1400,倶知安町,42.913670261722565,140.77957323423232
1401,共和町,42.98833270048822,140.62736471190541
1402,岩内町,42.937551938879814,140.4785958061217
1403,泊村,43.10079775951268,140.51532498727244
1404,神恵内村,43.193727674766706,140.4327768444184
1405,積丹町,43.28798444674089,140.47781259695407
1406,古平町,43.18799774899616,140.60964572415446
1407,仁木町,43.0908116023481,140.73504036491613
1408,余市町,43.176475842814654,140.77407030005872
1409,赤井川村,43.055225492718,140.9065166343795
1423,南幌町,43.0596496889254,141.6334171557086
1424,奈井江町,43.418317703478685,141.9249261042356
1425,上砂川町,43.44847257453917,142.00377198131758
1427,由仁町,42.94117890946592,141.86254838050613
1428,長沼町,42.989383379587345,141.69490537174576
1429,栗山町,43.026611035738696,141.87086685285328
1430,月形町,43.369750109816,141.67297181474757
1431,浦臼町,43.43857620635653,141.789148077776
1432,新十津川町,43.5904186851964,141.72812914450864
1433,妹背牛町,43.70757350774423,141.94469700383814
1434,秩父別町,43.77481630667196,141.95908357514529
1436,雨竜町,43.69477532038871,141.75025059480504
1437,北竜町,43.76432046860982,141.79098337082257
1438,沼田町,43.88555359824192,141.96260369106716
1452,鷹栖町,43.889290361235844,142.33648947242526
1453,東神楽町,43.67421600905005,142.49090846727827
1454,当麻町,43.81919116617975,142.5942330165568
1455,比布町,43.91855227586295,142.48502984098457
1456,愛別町,43.94300141397318,142.63552503705642
1457,上川地方上川町,43.75097706437165,142.92789163013808
1458,東川町,43.672870218392895,142.68491416476974
1459,美瑛町,43.558015137917835,142.61188040267
1460,上富良野町,43.45395696946375,142.52697751159988
1461,中富良野町,43.40268727034576,142.42914711936248
1462,南富良野町,43.16697330540382,142.56113092057188
1463,占冠村,43.00824560140414,142.47554927690183
1464,和寒町,44.01053876926135,142.37441308039286
1465,剣淵町,44.10358969273763,142.3415026253622
1468,下川町,44.31357477778588,142.7166510016422
1469,美深町,44.540363140417355,142.39611663870807
1470,音威子府村,44.71478053483789,142.24733668912742
1471,上川中川町,44.690333484951076,142.0933711838399
1472,幌加内町,44.23085659385921,142.15442096473816
1481,増毛町,43.78810868478268,141.53576610759322
1482,小平町,44.05851070838135,141.8396093439513
1483,苫前町,44.20643759489598,141.83666012782837
1484,羽幌町,44.335562712373374,141.88317065725377
1485,初山別村,44.50652915662945,141.84061270387267
1486,遠別町,44.62020767756129,141.93346612944333
1487,天塩町,44.879627032215645,141.86155468728975
1511,猿払村,45.22537491084116,142.11278435313983
1512,浜頓別町,45.07577555921715,142.30834332837935
1513,中頓別町,44.913487451236364,142.27787825827392
1514,宗谷枝幸町,44.77447422518299,142.5428806045154
1516,豊富町,45.14581366056341,141.79189844624253
1517,礼文町,45.375185678398196,141.0256858834351
1518,利尻町,45.16180509168443,141.19603606363492
1519,利尻富士町,45.188891611718624,141.25450952130856
1520,幌延町,45.001432880022136,141.9522132358878
1543,美幌町,43.754623986785944,144.13277280657627
1544,津別町,43.60753345522589,144.00288115163366
1545,斜里町,43.97723824091054,144.92107043630847
1546,清里町,43.73300628375906,144.59975528588714
1547,小清水町,43.81424596084656,144.45693172461864
1549,訓子府町,43.70098011046815,143.7322162932642
1550,置戸町,43.632092253475115,143.45524962472822
1552,佐呂間町,44.02428455136629,143.7842217239365
1555,遠軽町,43.906689251417674,143.31068747373382
1559,湧別町,44.127448198926906,143.60635221806191
1560,滝上町,44.10350343727494,143.01249156250958
1561,興部町,44.39684530375896,143.09134939026632
1562,西興部村,44.32059868810969,142.9241931448573
1563,雄武町,44.53652035520846,142.83211864155857
1564,大空町,43.839474545091356,144.24782413428267
1571,豊浦町,42.644325255571765,140.65283078546616
1575,壮瞥町,42.574460848453946,140.95669421422767
1578,白老町,42.5876972409872,141.24262043847017
1581,厚真町,42.73531191808761,141.95153492132573
1584,洞爺湖町,42.625735493400796,140.83082917008176
1585,安平町,42.81358042582234,141.83783237900107
1586,むかわ町,42.75848521522298,142.13465069111749
1601,日高地方日高町,42.72735610921526,142.4409761962962
1602,平取町,42.70319769539492,142.36107620398246
1604,新冠町,42.544761338916125,142.48308148662113
1607,浦河町,42.28995313419341,142.87965882491693
1608,様似町,42.15790935120835,143.05677042644277
1609,えりも町,42.07189744167699,143.22168307390652
1610,新ひだか町,42.429485914322726,142.64030767566175
1631,音更町,43.042573339234195,143.20535476908591
1632,士幌町,43.165392211524946,143.2614085417168
1633,上士幌町,43.38516363849187,143.19327061612213
1634,鹿追町,43.21455465292674,143.0347826144613
1635,新得町,43.31747799656671,142.86372929656656
1636,十勝清水町,42.96765373003967,142.88276022144566
1637,芽室町,42.85772470823151,142.96038909357043
1638,中札内村,42.63929817415549,142.9717730650797
1639,更別村,42.631568844189,143.20382415777084
1641,十勝大樹町,42.511296866613456,143.1675495468114
1642,広尾町,42.32775363093973,143.2100745767592
1643,幕別町,42.74926431336875,143.3175084184319
1644,十勝池田町,42.98929533252412,143.46368058667275
1645,豊頃町,42.74163740364478,143.48642888827632
1646,本別町,43.163121342960366,143.55331049742043
1647,足寄町,43.37479280221451,143.58672582590324
1648,陸別町,43.512369543182245,143.6876077282002
1649,浦幌町,42.91540527830194,143.67927086676326
1661,釧路町,43.016517236357195,144.53478399287965
1662,厚岸町,43.12343693743214,144.8084190365248
1663,浜中町,43.157363067333165,145.09050617718373
1664,標茶町,43.2936542919076,144.56038540350386
1665,弟子屈町,43.54724810810308,144.3998834139212
1667,鶴居村,43.25025200518275,144.29549779298318
1668,白糠町,43.12655677432492,143.96529243817236
1691,別海町,43.391898159776105,145.01723109311507
1692,中標津町,43.58135442502904,144.8449266965301
1693,標津町,43.737946029656634,144.97096758484918
1694,羅臼町,44.03910939147721,145.14375514765507
2201,青森市,40.770108270989226,140.75421933070908
2202,弘前市,40.605136941264604,140.3844674694017
2203,八戸市,40.474134785281166,141.48127679723757
2204,黒石市,40.61708534741052,140.70466404943832
2205,五所川原市,40.916487849244184,140.47009926275473
2206,十和田市,40.5668167380929,141.05699508991222
2207,三沢市,40.746261455437214,141.38130512322516
2208,むつ市,41.29087376031219,141.03334634611892
2209,つがる市,40.86980626438524,140.34962958346765
2210,平川市,40.51832556172517,140.70047739165815
2301,平内町,40.90772230736197,140.95619207065994
2303,今別町,41.16027283196479,140.51625544449718
2304,蓬田村,40.99502527881833,140.59670122759175
2307,外ヶ浜町,41.120827044734135,140.52444311264054
2321,鰺ヶ沢町,40.65149939878457,140.18676200425418
2323,深浦町,40.6049028765913,140.01829156563295
2343,西目屋村,40.51062065351105,140.2369866076573
2361,藤崎町,40.67522004729423,140.51650994772197
2362,大鰐町,40.48407695978059,140.5514068920653
2367,田舎館村,40.64204373999833,140.54165653995085
2381,板柳町,40.71557192588206,140.4811075643971
2384,鶴田町,40.75647100682688,140.42130342003142
2387,中泊町,41.04898277624705,140.41648533315745
2401,野辺地町,40.88459286190609,141.14635739678337
2402,七戸町,40.731593765161286,141.0787763981154
2405,六戸町,40.62759579074657,141.31538406621996
2406,横浜町,41.06701890236063,141.28497850159914
2408,東北町,40.79551656700396,141.23472912290197
2411,六ヶ所村,40.95689171888334,141.33102168827023
2412,おいらせ町,40.62616698651626,141.40192482237183
2423,大間町,41.47629443273608,140.92753962054059
2424,東通村,41.278292137708114,141.35196622502684
2425,風間浦村,41.46401033554011,141.01428585056638
2426,佐井村,41.35273243961004,140.85515916551955
2441,三戸町,40.37706358598412,141.1755656095428
2442,五戸町,40.508154224357504,141.29672183224758
2443,田子町,40.30909426181691,141.04997112211856
2445,青森南部町,40.42220907075554,141.34702529381215
2446,階上町,40.43036904545749,141.58414102661868
2450,新郷村,40.44730133173096,141.10756781268228
3201,盛岡市,39.74545075727923,141.26915911163115
3202,宮古市,39.629361248950126,141.72551409193295
3203,大船渡市,39.10708584070822,141.75006008776094
3205,花巻市,39.44186371091349,141.16752364135323
3206,北上市,39.307650154882836,141.00796407978257
3207,久慈市,40.14362829120021,141.65913290573707
3208,遠野市,39.36478019924692,141.50924484003738
3209,一関市,38.945064804997195,141.2297856390178
3210,陸前高田市,39.04093283393236,141.5768719598291
3211,釜石市,39.28749473517227,141.79835103786297
3213,二戸市,40.2379804661632,141.19576052363118
3214,八幡平市,40.02389751951038,140.99112869620623
3215,奥州市,39.12961447100452,141.09478141663945
3216,滝沢市,39.79035650742239,141.07260864237685
3301,雫石町,39.703992767823856,140.91330999309693
3302,葛巻町,40.006654062811364,141.43948112307157
3303,岩手町,39.95335385899022,141.2660270147792
3321,紫波町,39.54840789952417,141.15896398557268
3322,矢巾町,39.61146597433418,141.12422863911425
3366,西和賀町,39.39079989203037,140.79083571029582
3381,金ケ崎町,39.19402022536373,141.01816448026077
3402,平泉町,38.98890625958625,141.1040440020421
3441,住田町,39.18010314857616,141.55047733456522
3461,大槌町,39.4260229762122,141.81405227742107
3482,山田町,39.48429770275691,141.90723018658616
3483,岩泉町,39.84865953975614,141.67655628538304
3484,田野畑村,39.92462168825974,141.8731408620185
3485,普代村,40.002587534181416,141.86679480466228
3501,軽米町,40.30353260678443,141.48894634819214
3503,野田村,40.068719320691166,141.79512276786173
3506,九戸村,40.196226558013144,141.43346891295636
3507,岩手洋野町,40.326277409640184,141.6712514427174
3524,一戸町,40.1428047018859,141.27917102673115
4101,仙台青葉区,38.330741684189995,140.70271691110833
4102,仙台宮城野区,38.273931259233365,140.95602539558567
4103,仙台若林区,38.22530964954601,140.93957380659168
4104,仙台太白区,38.26097806513504,140.6795087801602
4105,仙台泉区,38.353766321766365,140.799787845519
4202,石巻市,38.47964362032706,141.3718515203767
4203,塩竈市,38.32621596602974,141.03875263940498
4205,気仙沼市,38.87610465376329,141.5346537395061
4206,白石市,37.99690947539052,140.57945672749392
4207,名取市,38.167240835030796,140.8668712630588
4208,角田市,37.98827453325966,140.77905208753936
4209,多賀城市,38.29535708978427,140.99913476480438
4211,岩沼市,38.109346283500834,140.87453559601727
4212,登米市,38.68581792340826,141.2574817263244
4213,栗原市,38.808943761584786,140.9403655852116
4214,東松島市,38.41115601486766,141.17728440159027
4215,大崎市,38.680057357019045,140.8466867882733
4216,富谷市,38.379581348305145,140.90138467766056
4301,蔵王町,38.10645699750908,140.59127336481038
4302,七ヶ宿町,38.01752478266287,140.40608641093516
4321,大河原町,38.05208618352413,140.71515249755055
4322,村田町,38.12721033978061,140.73015164114184
4323,柴田町,38.085744512586764,140.78774399986526
4324,宮城川崎町,38.19863157270428,140.59146531841824
4341,丸森町,37.873473227734685,140.7552469874059
4361,亘理町,38.04141590046763,140.87413733337343
4362,山元町,37.94569080956353,140.88558820835203
4401,松島町,38.40359256441182,141.07595969018104
4404,七ヶ浜町,38.30006553168298,141.05986978331728
4406,利府町,38.34249196895272,140.98644244849385
4421,大和町,38.43294048854244,140.8182083519085
4422,大郷町,38.434294247282864,141.0000924636071
4424,大衡村,38.479810959383435,140.87185517194078
4444,色麻町,38.520485355200485,140.7799700740683
4445,宮城加美町,38.5942555848485,140.69694765162535
4501,涌谷町,38.559217525378116,141.15364740186425
4505,宮城美里町,38.520180803185674,141.09299095492332
4581,女川町,38.44202090901369,141.45542012847943
4606,南三陸町,38.684755695881954,141.45199825309794
5201,秋田市,39.71041286157758,140.23202120633238
5202,能代市,40.20289677936976,140.144813559755
5203,横手市,39.28360236465121,140.54427855268207
5204,大館市,40.29011476556151,140.55465008909414
5206,男鹿市,39.93791658243869,139.83613762402973
5207,湯沢市,39.03657791568442,140.54268577794426
5209,鹿角市,40.21035264132937,140.83029755434458
5210,由利本荘市,39.29336344162101,140.16498192540567
5211,潟上市,39.87264694276111,140.049077137907
5212,大仙市,39.53709430212066,140.4413945067887
5213,北秋田市,40.05511690358915,140.4646518157228
5214,にかほ市,39.196804861377956,139.97299449930813
5215,仙北市,39.760510240666726,140.66857212456102
5303,小坂町,40.3992160969888,140.77970356387672
5327,上小阿仁村,39.962017072828054,140.31860046469907
5346,藤里町,40.359353997013734,140.25088821968237
5348,三種町,40.07067163634008,140.1067872740985
5349,八峰町,40.362552548455895,140.06839234330567
5361,五城目町,39.92673589759062,140.20385299880544
5363,八郎潟町,39.95913856317258,140.08072454425337
5366,井川町,39.895096259667575,140.12332280711064
5368,大潟村,40.00152520719431,140.00212414428233
5434,秋田美郷町,39.42824394070055,140.59594730137914
5463,羽後町,39.18397798802852,140.3500294521436
5464,東成瀬村,39.10209026592515,140.72783579687047
6201,山形市,38.246098750627276,140.3689637989774
6202,米沢市,37.84727393437016,140.11652584867298
6203,鶴岡市,38.5850773516996,139.80835980383065
6204,酒田市,38.924893553016005,139.9839268590504
6205,新庄市,38.78818552105072,140.3399044800523
6206,寒河江市,38.43446363195664,140.23170892601073
6207,上山市,38.12578463797679,140.30552842567792
6208,村山市,38.516713621657914,140.33519846815838
6209,長井市,38.13740524812658,139.98185603609187
6210,天童市,38.35819033211134,140.3965371759816
6211,東根市,38.42558839974803,140.466714805934
6212,尾花沢市,38.59361918890557,140.47682691564015
6213,南陽市,38.10319299090976,140.15610101293223
6301,山辺町,38.28022136038381,140.21495496526398
6302,中山町,38.33097371397596,140.25974861114807
6321,河北町,38.43017327174202,140.30102059512276
6322,西川町,38.42492612355518,140.02353830456872
6323,山形朝日町,38.28047071673282,140.06538174683982
6324,大江町,38.35475681932079,140.08553394348718
6341,大石田町,38.5976624911432,140.33609383341658
6361,山形金山町,38.902869972973136,140.37169585516384
6362,最上町,38.76822669557399,140.52689932816787
6363,舟形町,38.67967380555368,140.32570124189027
6364,真室川町,38.95606374640154,140.24365531018054
6365,大蔵村,38.59399661188039,140.17193191244124
6366,鮭川村,38.82606081178238,140.19687671447502
6367,戸沢村,38.719213050459466,140.1220101554529
6381,高畠町,37.9904184764476,140.21590046615304
6382,山形川西町,37.971737049408055,140.02358864053855
6401,山形小国町,38.04078239211671,139.7748665809478
6402,白鷹町,38.20054838595633,140.0826175627638
6403,飯豊町,37.9383239474848,139.89712740011203
6426,三川町,38.79521691590683,139.85020039144345
6428,庄内町,38.705535773890325,140.00100745927793
6461,遊佐町,39.05839238372875,139.9516209969096
7201,福島市,37.78642955400688,140.38850850506662
7202,会津若松市,37.45064331927311,139.96804586010617
7203,郡山市,37.412770430577794,140.29508197962463
7204,いわき市,37.07765662433664,140.7861029284471
7205,白河市,37.122257673481386,140.24964033924206
7207,須賀川市,37.293429478842704,140.31692350468435
7208,喜多方市,37.703029485466786,139.84388202913124
7209,相馬市,37.78264574105364,140.87643030005947
7210,二本松市,37.58402650217176,140.49545379032938
7211,田村市,37.423555149292895,140.6715346324843
7212,南相馬市,37.63111050334468,140.92852278899608
7213,福島伊達市,37.79951892437364,140.61434829845433
7214,本宮市,37.50479962615503,140.4188450650163
7301,桑折町,37.85885730709793,140.50588449503047
7303,国見町,37.8887553732927,140.55115822796006
7308,川俣町,37.643761037309574,140.6283488965856
7322,大玉村,37.558585935023004,140.3344628702537
7342,鏡石町,37.244568886871974,140.35171970773592
7344,天栄村,37.2613719911157,140.0878018451668
7362,下郷町,37.256561598245646,139.87962446089298
7364,檜枝岐村,37.03239436356611,139.33246487586874
7367,只見町,37.291449913708895,139.34782458565846
7368,南会津町,37.13675999146009,139.60623658759403
7402,北塩原村,37.68979513002794,140.04849542641594
7405,西会津町,37.63555671342651,139.64798622989372
7407,磐梯町,37.57830717802856,140.00579909940285
7408,猪苗代町,37.594519213807764,140.15600973064255
7421,会津坂下町,37.56891319302778,139.8006458868796
7422,湯川村,37.56728897778038,139.88228017665932
7423,柳津町,37.456670616744525,139.70882451097557
7444,三島町,37.441881012968935,139.63806669341616
7445,福島金山町,37.4335685252583,139.48693419758115
7446,福島昭和村,37.309087867607374,139.63660925070496
7447,会津美里町,37.40864846348166,139.81289656847866
7461,西郷村,37.165920861241474,140.0935708678027
7464,泉崎村,37.15860012337284,140.29511218882038
7465,中島村,37.14841938375021,140.3655602368276
7466,矢吹町,37.19390637269874,140.34703204335068
7481,棚倉町,37.002506175243475,140.3430440276532
7482,矢祭町,36.863023880362014,140.42889994989181
7483,塙町,36.9264429095055,140.4585873624213
7484,鮫川村,37.012386436118774,140.51070901725691
7501,石川町,37.14554183906089,140.46135130837553
7502,玉川村,37.2166508591146,140.44999257970105
7503,平田村,37.21107384077564,140.5573308268625
7504,浅川町,37.081161400376054,140.42588096893041
7505,古殿町,37.08999598308107,140.58360445641486
7521,三春町,37.44092308089169,140.4964486607495
7522,小野町,37.28627840933341,140.61258104008456
7541,福島広野町,37.21982843526043,140.9525528592169
7542,楢葉町,37.28167694657882,140.94883340889947
7543,富岡町,37.349222683579384,140.97430429645507
7544,川内村,37.33228416163036,140.8103457126734
7545,大熊町,37.40113761212463,140.94859577917217
7546,双葉町,37.44359036509707,140.9759121698603
7547,浪江町,37.51693855581007,140.86427023188293
7548,葛尾村,37.50903781942735,140.77701871330947
7561,新地町,37.866840766751466,140.90084023410793
7564,飯舘村,37.67815782477964,140.74835732844073
8201,水戸市,36.370524661076516,140.43560910971482
8202,日立市,36.624864817319924,140.61874021426007
8203,土浦市,36.098283679129224,140.19477739237647
8204,茨城古河市,36.179754716169725,139.77534236007415
8205,石岡市,36.22784702912022,140.21775365662864
8207,結城市,36.26127081141084,139.86403234628392
8208,龍ケ崎市,35.922488599758715,140.18532024603408
8210,下妻市,36.187437068393386,139.96642149563198
8211,常総市,36.06409286383667,139.96396044631135
8212,常陸太田市,36.648357393948615,140.50535783872775
8214,高萩市,36.769193493981454,140.6209128971153
8215,北茨城市,36.83987649976265,140.68740073453947
8216,笠間市,36.35652065910499,140.26936190780924
8217,取手市,35.91286459788561,140.080087605967
8219,牛久市,35.97176462713297,140.18573051550646
8220,つくば市,36.10531906088262,140.08173756722397
8221,ひたちなか市,36.39604561195575,140.55834866685336
8222,茨城鹿嶋市,35.99923965126084,140.62180521815088
8223,潮来市,35.9619148486416,140.56132169576628
8224,守谷市,35.94797205269813,139.97542689269488
8225,常陸大宮市,36.6137115137505,140.33989667574002
8226,那珂市,36.46837508692477,140.47597928197013
8227,筑西市,36.28938447429466,139.98692440689186
8228,坂東市,36.06384098827179,139.88786583455692
8229,稲敷市,35.948640802149555,140.3720148737848
8230,かすみがうら市,36.10985779081749,140.29932602079538
8231,桜川市,36.32752955880287,140.10791409215727
8232,神栖市,35.85112754435814,140.71175778955134
8233,行方市,36.06607452249689,140.46821634551569
8234,鉾田市,36.173571214787145,140.51971380100375
8235,つくばみらい市,35.98201494889886,140.03811856549942
8236,小美玉市,36.203953937912985,140.3598044598107
8302,茨城町,36.28046796153784,140.4341004396631
8309,大洗町,36.29732068490853,140.5545746130008
8310,城里町,36.479744851420044,140.3094562563659
8341,東海村,36.460587741586124,140.58085788653335
8364,大子町,36.79799705414527,140.34562109077302
8442,美浦村,36.018424758357774,140.33218946583614
8443,阿見町,36.01413763956487,140.225487349412
8447,河内町,35.882733400361204,140.279796474027
8521,八千代町,36.178393481510106,139.8937219470844
8542,五霞町,36.1080286483836,139.74858712132576
8546,境町,36.110153167770946,139.81089789939227
8564,利根町,35.86613176261445,140.16796495287733
9201,宇都宮市,36.59687523749104,139.8865718428027
9202,足利市,36.35932079806151,139.45298618379894
9203,栃木市,36.37292191078707,139.68950673360735
9204,佐野市,36.42406714725738,139.53577923350275
9205,鹿沼市,36.57550969945921,139.64148740515859
9206,日光市,36.81884820014101,139.5811758370808
9208,小山市,36.30800177000387,139.80194707916533
9209,真岡市,36.42487526125537,139.99683236050873
9210,大田原市,36.8613029899747,140.11915478064762
9211,矢板市,36.82746781337225,139.89809608427154
9213,那須塩原市,36.99085148118266,139.91052019718862
9214,栃木さくら市,36.723626852430286,140.00290312353067
9215,那須烏山市,36.6627013269164,140.13405436071415
9216,下野市,36.401969180381144,139.86129520989218
9301,上三川町,36.44547973782529,139.91061087386956
9342,益子町,36.46045467933054,140.10991932112742
9343,茂木町,36.521657061986,140.1899465925985
9344,市貝町,36.55901440557612,140.10430955235194
9345,芳賀町,36.55197960872022,140.0405773847097
9361,壬生町,36.45753300440694,139.80496939267175
9364,野木町,36.22888735581836,139.73785579119408
9384,塩谷町,36.79647092833848,139.8151874687214
9386,高根沢町,36.630100174220686,140.016803126617
9407,那須町,37.0428905847303,140.0925422763556
9411,栃木那珂川町,36.75417477822151,140.18346234414653
10201,前橋市,36.43213278897142,139.12751866327037
10202,高崎市,36.376366164705196,138.90089198432932
10203,桐生市,36.48376009093352,139.30605238286773
10204,伊勢崎市,36.321260293182625,139.21822548745664
10205,太田市,36.30637034031928,139.33930727763556
10206,沼田市,36.67371850248705,139.18352552416323
10207,館林市,36.24597681684314,139.53532256490618
10208,渋川市,36.529143350130866,139.01452345264937
10209,藤岡市,36.19213171950935,138.99917920542845
10210,富岡市,36.258522454551475,138.84617907041485
10211,安中市,36.34079461634145,138.77646088641342
10212,みどり市,36.530441326351,139.3472749085917
10344,榛東村,36.44311504304143,138.95674854623968
10345,吉岡町,36.449974284088825,138.99817000797717
10366,群馬上野村,36.06528015194291,138.72013788650148
10367,神流町,36.11168068844052,138.8656615386448
10382,下仁田町,36.22714341807776,138.72281200438795
10383,群馬南牧村,36.161739706646976,138.68566923217045
10384,甘楽町,36.20991061268594,138.90327680792066
10421,中之条町,36.65451987723463,138.7219220371987
10424,長野原町,36.50506507164205,138.62599905108536
10425,嬬恋村,36.51644092571682,138.49389845175818
10426,草津町,36.61810612670499,138.57518675950197
10428,群馬高山村,36.6219054608924,138.9416742012362
10429,東吾妻町,36.526418671075106,138.78520005848114
10443,片品村,36.841577879690504,139.2607587626052
10444,川場村,36.731030941798195,139.1293448571258
10448,群馬昭和村,36.612647682901766,139.10083678090126
10449,みなかみ町,36.832290625129176,139.00491359806406
10464,玉村町,36.30221874998894,139.12632086370306
10521,板倉町,36.22882839686735,139.6201806587842
10522,群馬明和町,36.20691761816636,139.53419536292787
10523,千代田町,36.21300037263371,139.4501468633602
10524,大泉町,36.24972278620083,139.40702953333297
10525,邑楽町,36.255101518989285,139.461292734445
11101,さいたま西区,35.90932063606727,139.5749896724997
11102,さいたま北区,35.939114319575786,139.615107699987
11103,さいたま大宮区,35.906461346196686,139.62385450034594
11104,さいたま見沼区,35.92707030028812,139.666286539834
11105,さいたま中央区,35.88132321081841,139.62475764556868
11106,さいたま桜区,35.86016980831617,139.60729913586536
11107,さいたま浦和区,35.8733448528963,139.65323547771922
11108,さいたま南区,35.84615609883842,139.66037807235122
11109,さいたま緑区,35.884491933104265,139.70126188633873
11110,さいたま岩槻区,35.94442128979895,139.71322144584187
11201,川越市,35.91149927757308,139.47922752750534
11202,熊谷市,36.16028464549328,139.3725552294425
11203,川口市,35.8331435814073,139.73305651387741
11206,行田市,36.14801731887048,139.4699162487494
11207,秩父市,35.959658957852334,138.93346133098783
11208,所沢市,35.79946210836853,139.45787817391354
11209,飯能市,35.88817881614834,139.22012211054638
11210,加須市,36.13659324821207,139.62001561018423
11211,本庄市,36.199256150736865,139.1462619890968
11212,東松山市,36.03183711847836,139.39137619629
11214,春日部市,35.982698838435745,139.7757344983384
11215,狭山市,35.858825763923036,139.42078280669605
11216,羽生市,36.17250980098965,139.5533838541412
11217,鴻巣市,36.07885955733017,139.50346751881776
11218,深谷市,36.18068023672703,139.2656763123989
11219,上尾市,35.97043309447305,139.58158625460052
11221,草加市,35.83868868060051,139.8021597010239
11222,越谷市,35.90108195712547,139.7902270815545
11223,蕨市,35.82444760810229,139.68611615025495
11224,戸田市,35.814770866386155,139.6569821438282
11225,入間市,35.818010237062886,139.3675625867275
11227,朝霞市,35.80918682388296,139.59731721874414
11228,志木市,35.83698997417611,139.58346320229998
11229,和光市,35.78934737786317,139.6198147102503
11230,新座市,35.78942771715475,139.55962053282857
11231,桶川市,36.00303032289722,139.54999014112101
11232,久喜市,36.07708039793878,139.64951228299776
11233,北本市,36.026151298557856,139.53042928751523
11234,八潮市,35.819330644543726,139.83941568093616
11235,富士見市,35.85447656819378,139.55447504121028
11237,三郷市,35.83221488318744,139.871847418822
11238,蓮田市,36.001469957662714,139.64980993090194
11239,坂戸市,35.96355692861171,139.40024133385964
11240,幸手市,36.07081037306315,139.74021521106803
11241,鶴ヶ島市,35.93572250033198,139.39453862494338
11242,日高市,35.89649756292229,139.339265469109
11243,吉川市,35.89512749092351,139.86089427117668
11245,ふじみ野市,35.86505601060416,139.51523125019472
11246,白岡市,36.02414982995261,139.66758853113913
11301,伊奈町,35.99784601968848,139.6200320449532
11324,埼玉三芳町,35.83290912198536,139.51583408627405
11326,毛呂山町,35.93501210178475,139.3073380802259
11327,越生町,35.960606274679385,139.26606025079954
11341,滑川町,36.07037945647641,139.35594861661042
11342,嵐山町,36.056431469297685,139.31487169034713
11343,小川町,36.05474614667566,139.24880671566822
11346,川島町,35.98399557273701,139.4840548339389
11347,吉見町,36.04431915625895,139.4552903239575
11348,鳩山町,35.98776171274299,139.33385136259477
11349,ときがわ町,35.998937669544965,139.241352304139
11361,横瀬町,35.968856829684796,139.1290708523581
11362,皆野町,36.078443821384454,139.0908858043482
11363,長瀞町,36.11751858217283,139.11684899892964
11365,小鹿野町,36.021549218976645,138.9292295617233
11369,東秩父村,36.04624532926086,139.18243352069945
11381,埼玉美里町,36.171740455287065,139.1736271893113
11383,埼玉神川町,36.160877180881634,139.05768941999227
11385,上里町,36.25061886354001,139.1350649741506
11408,寄居町,36.11132314523334,139.20280875137485
11442,宮代町,36.02265308321768,139.71662271510203
11464,杉戸町,36.0341049166717,139.7547063768457
11465,松伏町,35.936412755352585,139.82554822761603
12101,千葉中央区,35.58435986981239,140.12939708553816
12102,千葉花見川区,35.67635687081505,140.09140774385705
12103,千葉稲毛区,35.64860251596004,140.11311579817604
12104,千葉若葉区,35.610402439036534,140.20507467500317
12105,千葉緑区,35.544578933754174,140.2294700099232
12106,千葉美浜区,35.633535706650164,140.06162255874102
12202,銚子市,35.74292804591627,140.7758216794308
12203,市川市,35.718820990525074,139.9328355451992
12204,船橋市,35.72653433801275,140.0189283357543
12205,館山市,34.97162252108758,139.86179639190425
12206,木更津市,35.369840774920505,139.98741187046653
12207,松戸市,35.79574355229862,139.92907844747384
12208,野田市,35.98516535897262,139.8621506326814
12210,茂原市,35.44981464103771,140.30162574542595
12211,成田市,35.81545909807946,140.35758406715047
12212,千葉佐倉市,35.706195806955705,140.21325368700934
12213,東金市,35.56517617496561,140.3670636140272
12215,旭市,35.73424235658692,140.65575004741487
12216,習志野市,35.68088799725223,140.03414752890356
12217,柏市,35.860160398723245,139.99386944247465
12218,勝浦市,35.17517402819431,140.26761572465674
12219,市原市,35.424950024097484,140.1371864582238
12220,流山市,35.87337113651451,139.91409714043476
12221,八千代市,35.73920915752072,140.10502475138028
12222,我孫子市,35.86947003989198,140.0650972864499
12223,鴨川市,35.12987617643576,140.07772865875017
12224,鎌ケ谷市,35.77289348505819,139.99881873198848
12225,君津市,35.2630115523745,140.02409945464947
12226,富津市,35.225997652759276,139.90051543492572
12227,浦安市,35.64279261252549,139.90177614209685
12228,四街道市,35.671678615593436,140.17911362111795
12229,袖ケ浦市,35.41647073654111,140.0176609937054
12230,八街市,35.64241492776066,140.296859226932
12231,印西市,35.79796170919381,140.18033773655333
12232,白井市,35.80164476171466,140.06006430835907
12233,富里市,35.72025919519763,140.3408115628849
12234,南房総市,35.03658282546231,139.92845670827577
12235,匝瑳市,35.699842595289155,140.55367091907112
12236,香取市,35.853476406160404,140.5399433412792
12237,山武市,35.62397331117917,140.42082759433305
12238,いすみ市,35.277773368664455,140.34330144134714
12239,大網白里市,35.51283292114668,140.3428282800979
12322,酒々井町,35.72927942079711,140.27802504181875
12329,栄町,35.84403794277706,140.24266714415626
12342,神崎町,35.88624052703978,140.40841230269945
12347,多古町,35.75707611429535,140.4711110519786
12349,東庄町,35.813645838120124,140.67317724939363
12403,九十九里町,35.53332148156669,140.43384001058536
12409,芝山町,35.72150889981518,140.4102255315394
12410,横芝光町,35.66083178313887,140.4947295334562
12421,一宮町,35.36151873126169,140.37085445583082
12422,睦沢町,35.352804786278135,140.30224678501344
12423,長生村,35.40708227769706,140.35774324640028
12424,白子町,35.450104186566655,140.37931297136976
12426,長柄町,35.44589770806298,140.21338474652762
12427,長南町,35.375197517445486,140.24300681709286
12441,大多喜町,35.24288585439204,140.21385150553763
12443,御宿町,35.19643432893762,140.34065297393664
12463,鋸南町,35.13241483469622,139.87189450882448
13101,東京千代田区,35.687595370760825,139.75487812265877
13102,東京中央区,35.67071636043635,139.77667247530894
13103,東京港区,35.651476659044896,139.73928549636196
13104,東京新宿区,35.7010711699909,139.70897329148605
13105,東京文京区,35.717456565334075,139.7472853042293
13106,東京台東区,35.71548266099479,139.78598118171365
13107,東京墨田区,35.71221088789027,139.81547308451184
13108,東京江東区,35.65966447382684,139.81497071570172
13109,東京品川区,35.609744232794675,139.73303475505844
13110,東京目黒区,35.629973659071915,139.68823319115492
13111,東京大田区,35.56772170740423,139.73272965922516
13112,東京世田谷区,35.639714670269754,139.6350707726023
13113,東京渋谷区,35.66788403286177,139.6962769061443
13114,東京中野区,35.71091852716317,139.66247597634163
13115,東京杉並区,35.696816538880476,139.6254262885647
13116,東京豊島区,35.73153050519727,139.7116370859958
13117,東京北区,35.76589861212344,139.72892164648306
13118,東京荒川区,35.73993176107079,139.78129092167606
13119,東京板橋区,35.772575464970416,139.67646526669992
13120,東京練馬区,35.747849088400116,139.61767169689745
13121,東京足立区,35.77880800839989,139.79508294936159
13122,東京葛飾区,35.75324837785004,139.85567120357962
13123,東京江戸川区,35.6923468338445,139.87564628330747
13201,八王子市,35.65981347209545,139.2876890183811
13202,立川市,35.71446892252964,139.4045303883121
13203,武蔵野市,35.708138877099806,139.5616208324869
13204,三鷹市,35.684667468648975,139.56038654109423
13205,青梅市,35.803587815261004,139.2419708565726
13206,東京府中市,35.67049984931718,139.48315714919357
13207,昭島市,35.707834444346524,139.36416248043912
13208,調布市,35.65768557376096,139.55218460700615
13209,町田市,35.576146482070676,139.43036677115285
13210,小金井市,35.701088513665056,139.5110391123142
13211,小平市,35.7273870027282,139.48172146646212
13212,日野市,35.66333411826888,139.39864534440198
13213,東村山市,35.7592321376027,139.472436864006
13214,国分寺市,35.70552323885924,139.4612456514899
13215,国立市,35.68634192606296,139.43877124663402
13218,福生市,35.736031405757295,139.336425667694
13219,狛江市,35.634873718123046,139.57722500350917
13220,東大和市,35.75031283278021,139.4265980005277
13221,清瀬市,35.78144442129476,139.52221475628915
13222,東久留米市,35.75387681411039,139.51986264614357
13223,武蔵村山市,35.750361219139435,139.38391238923094
13224,多摩市,35.63058992722219,139.43985969813343
13225,稲城市,35.632911393995684,139.49290562225892
13227,羽村市,35.764037448445194,139.31538267159786
13228,あきる野市,35.73282678084571,139.2253674400858
13229,西東京市,35.73485822760613,139.54623409616354
13303,瑞穂町,35.77425974929828,139.34927409047916
13305,日の出町,35.758721490816654,139.22637115077777
13307,檜原村,35.725007741432115,139.10447853632476
13308,奥多摩町,35.82257327185633,139.05547305909823
13361,伊豆大島町,34.737507307633486,139.39883298113463
13362,東京利島村,34.5226398137998,139.27925868939585
13363,新島村,34.371108105331665,139.25932022097882
13364,神津島村,34.21418108660199,139.1476938198468
13381,三宅村,34.085016578403284,139.52095878730321
13382,御蔵島村,33.87469238290497,139.60303040666125
13401,八丈町,33.10725054351096,139.79317667511972
13402,青ヶ島村,32.45734245771138,139.76644761613815
13421,小笠原村,26.287015957140255,142.05376575950444
14101,横浜鶴見区,35.500546185585925,139.67736306643053
14102,横浜神奈川区,35.48553861581472,139.61903906449007
14103,横浜西区,35.45680675358342,139.61859597754068
14104,横浜中区,35.428970850849986,139.6578078366907
14105,横浜南区,35.42842061896689,139.60194037012562
14106,横浜保土ケ谷区,35.46122182637622,139.57829379436518
14107,横浜磯子区,35.392316303952256,139.61409692742401
14108,横浜金沢区,35.34891928433651,139.62325131062693
14109,横浜港北区,35.52800748875902,139.62284231105727
14110,横浜戸塚区,35.403264658443824,139.53125174244323
14111,横浜港南区,35.39418558964371,139.578260158131
14112,横浜旭区,35.47651887042677,139.52748919837973
14113,横浜緑区,35.51545677073338,139.5262914804126
14114,横浜瀬谷区,35.46885265956961,139.48807616716897
14115,横浜栄区,35.36192262911679,139.5569335196134
14116,横浜泉区,35.420674042923444,139.49929574303917
14117,横浜青葉区,35.55895607488357,139.5240235510897
14118,横浜都筑区,35.54019434683819,139.5776350837528
14131,川崎川崎区,35.51487285794437,139.73783558773584
14132,川崎幸区,35.545165007880506,139.68003261518894
14133,川崎中原区,35.57467576288733,139.65291164953794
14134,川崎高津区,35.59222445123298,139.6152882504433
14135,川崎多摩区,35.6185125899093,139.55059953049746
14136,川崎宮前区,35.58617784232183,139.57840035415865
14137,川崎麻生区,35.599097554626354,139.49871229478353
14151,相模原緑区,35.57017777698946,139.19595999362946
14152,相模原中央区,35.56258010818823,139.36657470712078
14153,相模原南区,35.52680538143434,139.40664063737788
14201,横須賀市,35.24982895205505,139.66042086880475
14203,平塚市,35.35096261990645,139.320177268174
14204,鎌倉市,35.32998247529162,139.53796382838047
14205,藤沢市,35.368116073652175,139.45898707790974
14206,小田原市,35.26296736525501,139.14412751763342
14207,茅ヶ崎市,35.34428252901509,139.4095736823929
14208,逗子市,35.2990090885243,139.59125369838733
14210,三浦市,35.1675226835634,139.6409761647986
14211,秦野市,35.400152089159455,139.20303754150927
14212,厚木市,35.46513669793402,139.32706360570688
14213,大和市,35.47376127077529,139.45651871524748
14214,伊勢原市,35.41011533810921,139.2920259149585
14215,海老名市,35.4376211961012,139.39306137228616
14216,座間市,35.48752635518285,139.40923933294007
14217,南足柄市,35.30990643154297,139.07013853012853
14218,綾瀬市,35.43995986680219,139.43088474313848
14301,葉山町,35.27127688656242,139.60059924961442
14321,寒川町,35.37552809725231,139.3856150969797
14341,大磯町,35.31667669189787,139.28870880223155
14342,二宮町,35.30789962647881,139.24957471986912
14361,中井町,35.33608406610486,139.21517441633196
14362,神奈川大井町,35.33502513704418,139.16535380925777
14363,松田町,35.392169902224325,139.1308237911253
14364,山北町,35.42478228749075,139.04539520804408
14366,開成町,35.33503638741896,139.12485556943054
14382,箱根町,35.232266062688,139.03141120220667
14383,真鶴町,35.16548628673456,139.13349803986173
14384,湯河原町,35.166240281667505,139.07900417837158
14401,愛川町,35.52884157496721,139.2990729121874
14402,清川村,35.48707365347555,139.2289713123341
15101,新潟北区,37.92336273658072,139.1988707398317
15102,新潟東区,37.928000943999436,139.10660470396502
15103,新潟中央区,37.90439863566948,139.0485067076793
15104,新潟江南区,37.86320971788257,139.10655809761903
15105,新潟秋葉区,37.78594909714117,139.11140508302273
15106,新潟南区,37.76874024716136,139.0225997895615
15107,新潟西区,37.84817045948504,138.9515377263284
15108,新潟西蒲区,37.75979281556474,138.896314915667
15202,長岡市,37.43438546557821,138.85698035085602
15204,三条市,37.540672083483855,139.08983948961463
15205,柏崎市,37.32368323119993,138.59926834677134
15206,新発田市,37.90733480704941,139.42785804741237
15208,小千谷市,37.291299796325994,138.80054860808764
15209,加茂市,37.6221003172591,139.11067343851775
15210,十日町市,37.09068582635507,138.7020528465548
15211,見附市,37.52770865770136,138.9319113950794
15212,村上市,38.31023972080235,139.617348462295
15213,燕市,37.66545092074593,138.8861792433721
15216,糸魚川市,36.966265105841806,137.89403112631138
15217,妙高市,36.932277699624116,138.18766039982364
15218,五泉市,37.656496146654284,139.22633606467758
15222,上越市,37.12020902507349,138.33744173890497
15223,阿賀野市,37.81424955218548,139.25919946686335
15224,佐渡市,38.0443668202878,138.3898542121121
15225,魚沼市,37.220879637238816,139.09795140627773
15226,南魚沼市,37.05587141154393,138.9373485494255
15227,胎内市,38.00579538209525,139.48063122137415
15307,聖籠町,37.983391165239325,139.26623969972067
15342,弥彦村,37.690794857844274,138.83757990110968
15361,田上町,37.70114491412158,139.07034247185908
15385,阿賀町,37.66504324192112,139.46411507073307
15405,出雲崎町,37.52656016257239,138.71472701899287
15461,湯沢町,36.85565950073923,138.80072454970113
15482,津南町,36.970962232155834,138.64172211100214
15504,刈羽村,37.42342635575429,138.640460623784
15581,関川村,38.06426841088116,139.60116074022417
15586,粟島浦村,38.46260144643853,139.2403431006127
16201,富山市,36.54661548136516,137.29933746675388
16202,高岡市,36.740032235460106,136.96637231914207
16204,魚津市,36.75981193775701,137.49144454159674
16205,氷見市,36.86496193915864,136.94287364882607
16206,滑川市,36.75185443977269,137.38217469357141
16207,黒部市,36.76880038288466,137.61625536121002
16208,砺波市,36.61868890531702,136.9906941821927
16209,小矢部市,36.66233386624291,136.85482979105956
16210,南砺市,36.453237336843685,136.91957687198342
16211,射水市,36.72322646911724,137.08778256964052
16321,舟橋村,36.700874549857424,137.30657012181766
16322,上市町,36.660594115670804,137.4765165709505
16323,立山町,36.601608977207015,137.51191567934907
16342,入善町,36.912034444704815,137.5122393149835
16343,富山朝日町,36.89226686599946,137.6503805274143
17201,金沢市,36.519340495904004,136.70817035845792
17202,七尾市,37.07846771904951,136.92863515280715
17203,小松市,36.31104543471293,136.4984329516575
17204,輪島市,37.337555072819534,136.88755065339444
17205,珠洲市,37.45533306058999,137.2258496035635
17206,加賀市,36.25502160996062,136.37963684522595
17207,羽咋市,36.911372613901726,136.8163198141847
17209,かほく市,36.74366371762498,136.73288349554963
17210,白山市,36.27561352727042,136.66964165549075
17211,能美市,36.43594231496631,136.544456469657
17212,野々市市,36.52520111830293,136.60560757885165
17324,川北町,36.469216654758576,136.5366066459125
17361,津幡町,36.692853573312846,136.76884813825967
17365,内灘町,36.66400269005256,136.65741875811915
17384,志賀町,37.08920850798728,136.77146798850367
17386,宝達志水町,36.82601984839295,136.8037068939633
17407,中能登町,36.97104601158869,136.89755918025756
17461,穴水町,37.23530083803264,136.936165673142
17463,能登町,37.33006069514996,137.0952749380042
18201,福井市,36.04246489423728,136.2181297336897
18202,敦賀市,35.63747031037547,136.08059434025836
18204,小浜市,35.468853568168356,135.7481335930458
18205,大野市,35.908378110921916,136.61695706436063
18206,勝山市,36.08440206975651,136.52177013861294
18207,鯖江市,35.95932270849642,136.2183418132203
18208,あわら市,36.22774974645504,136.25155469656735
18209,越前市,35.88946757836248,136.17722207178608
18210,福井坂井市,36.16406500238932,136.25521358973512
18322,永平寺町,36.077930236354156,136.3549564504072
18382,福井池田町,35.86845384718236,136.36810587469301
18404,南越前町,35.77209869751423,136.21328117530464
18423,越前町,35.9589768509973,136.05635290932298
18442,福井美浜町,35.59691053222232,135.97441949469655
18481,高浜町,35.49213929070311,135.51549964772948
18483,福井おおい町,35.41472932726569,135.63283252668714
18501,福井若狭町,35.511782246349796,135.8805993694556
19201,甲府市,35.69723631652075,138.5877065891428
19202,富士吉田市,35.438899650416104,138.79351036958582
19204,都留市,35.53660789544309,138.91488913812563
19205,山梨市,35.79691716392433,138.69742300673101
19206,大月市,35.642854802669554,138.91991839317768
19207,韮崎市,35.71772267287412,138.411995836549
19208,南アルプス市,35.650652340975384,138.3541711390987
19209,山梨北杜市,35.837176935690586,138.39374881702423
19210,甲斐市,35.717002331842195,138.5184441114686
19211,笛吹市,35.59955519726672,138.68066359507318
19212,上野原市,35.634239303520374,139.06378066478138
19213,甲州市,35.72648127334166,138.791768913265
19214,中央市,35.58418921473023,138.54109007156868
19346,市川三郷町,35.532452327461066,138.51322100304571
19364,早川町,35.46735383288486,138.30938922020846
19365,身延町,35.41517619216406,138.4678216758059
19366,山梨南部町,35.25931780508614,138.4617491674667
19368,富士川町,35.54333599972869,138.40272021093705
19384,昭和町,35.62790428791307,138.53363048666728
19422,道志村,35.50593701648408,139.01302005852563
19423,西桂町,35.530931362977924,138.83571459705615
19424,忍野村,35.45962620699755,138.8560388142322
19425,山中湖村,35.42300239104585,138.87745966181345
19429,鳴沢村,35.427790327941516,138.6982625545738
19430,富士河口湖町,35.48703164022856,138.68792263946827
19442,小菅村,35.74774024179108,138.94277316338824
19443,丹波山村,35.80147230590913,138.90585734699894
20201,長野市,36.64404205902194,138.10181204467335
20202,松本市,36.20154639389303,137.81413986466544
20203,上田市,36.38352297391157,138.24185947449539
20204,岡谷市,36.07917709122995,138.0480447260619
20205,飯田市,35.439795832630516,137.91352015814232
20206,諏訪市,36.02899859194024,138.1135607082776
20207,須坂市,36.609969096644924,138.3488146736174
20208,小諸市,36.339068509974126,138.4350364090364
20209,伊那市,35.79079142709144,138.07400849406687
20210,駒ヶ根市,35.72770638345967,137.94782538390635
20211,中野市,36.769458605078476,138.3470699393562
20212,大町市,36.5056333800171,137.78151822908987
20213,飯山市,36.91303227654142,138.38412310264448
20214,茅野市,36.02522419639205,138.2466703500101
20215,塩尻市,36.03808661131119,137.9003110645489
20217,佐久市,36.2157798460036,138.4452860484408
20218,千曲市,36.50624159859611,138.12351524862822
20219,東御市,36.37387447009802,138.3686669301253
20220,安曇野市,36.32795063882293,137.84009928412416
20303,小海町,36.06866408132687,138.4592536582313
20304,長野川上村,35.941711849157336,138.6185386490217
20305,長野南牧村,35.98410719075396,138.45828934767002
20306,南相木村,36.01854425751838,138.58592583292693
20307,北相木村,36.06233426430068,138.59010975269535
20309,佐久穂町,36.122351552922204,138.4745066117535
20321,軽井沢町,36.356870280263884,138.58941214437274
20323,御代田町,36.33407650251543,138.5131389920469
20324,立科町,36.21132112047274,138.29505396253128
20349,青木村,36.36439006798353,138.10514655044636
20350,長和町,36.18818238792591,138.21611512903712
20361,下諏訪町,36.11056681248358,138.112540202073
20362,富士見町,35.90071630316084,138.2499295776817
20363,原村,35.96386094321012,138.25689536045928
20382,辰野町,35.98406148452695,137.94264810994733
20383,箕輪町,35.92425259579907,137.9925289036164
20384,飯島町,35.67449596604042,137.87854476457522
20385,南箕輪村,35.886132188319394,137.91783721613766
20386,中川村,35.63916700964214,137.97641369865994
20388,宮田村,35.77354752274111,137.88080610993552
20402,松川町,35.60531073010618,137.9091763231395
20403,長野高森町,35.573572177079676,137.8587686474084
20404,阿南町,35.317142234033774,137.76383372309695
20407,阿智村,35.44264523803702,137.68640189876575
20409,平谷村,35.333345772477216,137.63476286460434
20410,根羽村,35.25609253908391,137.60407663767384
20411,下條村,35.3911203551005,137.7751746820798
20412,売木村,35.26754956691098,137.69605077852486
20413,天龍村,35.253907127630114,137.82156465585675
20414,泰阜村,35.363282707467555,137.860917261657
20415,喬木村,35.48065858208361,137.9268514546664
20416,豊丘村,35.53848841059261,137.95016252241757
20417,大鹿村,35.55819659646005,138.07444772763523
20422,上松町,35.76440128111273,137.68204110098944
20423,南木曽町,35.60361116228355,137.61792971561601
20425,木祖村,35.99653797601494,137.7602508484585
20429,王滝村,35.81436600639988,137.4750278751221
20430,大桑村,35.69081140417624,137.69113279899955
20432,木曽町,35.89997896207053,137.65345471850105
20446,麻績村,36.46287901867191,138.03674338231775
20448,生坂村,36.43277455640049,137.94363027515155
20450,山形村,36.1608456445642,137.86230281673858
20451,朝日村,36.104862552011255,137.82975991748904
20452,筑北村,36.42119853844648,138.0401016353868
20481,長野池田町,36.423267035150445,137.8976979462991
20482,松川村,36.41343465647813,137.82620496990106
20485,白馬村,36.696122482435456,137.83556991781083
20486,小谷村,36.82581226544828,137.91585884683565
20521,坂城町,36.45275445494518,138.19386793205118
20541,小布施町,36.70271898439572,138.31602364805696
20543,長野高山村,36.66230634718765,138.4232141480046
20561,山ノ内町,36.751317382804544,138.51063885580245
20562,木島平村,36.84048416570119,138.4661986978737
20563,野沢温泉村,36.93151595060829,138.46706121712523
20583,信濃町,36.810181678848664,138.1825345665554
20588,小川村,36.63424835574702,137.95962079570177
20590,飯綱町,36.75525774330916,138.2362890705254
20602,栄村,36.87974583938477,138.58679700772524
21201,岐阜市,35.44826083276558,136.76468942307176
21202,大垣市,35.31244269708794,136.52080184388063
21203,高山市,36.13181313459714,137.2858414551747
21204,多治見市,35.33398991874521,137.11255126747335
21205,関市,35.63050230331242,136.87433768920548
21206,中津川市,35.5665594772493,137.47432500076573
21207,美濃市,35.57892665479117,136.90118832313073
21208,瑞浪市,35.38935871491487,137.27359193131434
21209,羽島市,35.30740325331956,136.70159629336973
21210,恵那市,35.37069329549131,137.41808970540714
21211,美濃加茂市,35.483860961239316,137.02656804681365
21212,土岐市,35.32420857694873,137.20744420684707
21213,各務原市,35.40283003375709,136.8782802373459
21214,可児市,35.405897536220536,137.06600988252882
21215,岐阜山県市,35.59892624659072,136.74309909206534
21216,瑞穂市,35.39665740786787,136.67021950785855
21217,飛騨市,36.33272578433666,137.20567909550343
21218,本巣市,35.65553349589214,136.6198993020138
21219,郡上市,35.83298499272665,136.94560490907324
21220,下呂市,35.84199871139998,137.23801230154237
21221,海津市,35.21380947576796,136.62441751965068
21302,岐南町,35.38611102297471,136.78676863640348
21303,笠松町,35.36595021078006,136.76944760567622
21341,養老町,35.29112688089592,136.56443794141347
21361,垂井町,35.38594612606778,136.5164048505961
21362,関ケ原町,35.34801656396134,136.44582904075764
21381,神戸町,35.41572811646592,136.6091992204943
21382,輪之内町,35.28599753067404,136.63499520796307
21383,安八町,35.33664902582253,136.66273965719054
21401,揖斐川町,35.604968055068255,136.452224077401
21403,大野町,35.468108440258405,136.62669063328252
21404,岐阜池田町,35.440355416506165,136.55642472870093
21421,北方町,35.43044907623503,136.68966326623618
21501,坂祝町,35.4338255938886,136.97646169600642
21502,富加町,35.4918067203625,136.9773707020394
21503,川辺町,35.510611798627046,137.08150385609355
21504,七宗町,35.57741652161714,137.11324714867845
21505,八百津町,35.5007882270848,137.18628655530458
21506,白川町,35.60668096565209,137.2628101696979
21507,東白川村,35.64282697346677,137.337705529195
21521,御嵩町,35.43352195077389,137.15444869020894
21604,白川村,36.21976513495915,136.8793947304587
22101,静岡葵区,35.239599022160576,138.26422281054073
22102,静岡駿河区,34.95176993120323,138.38239234564085
22103,静岡清水区,35.09715661101148,138.48552902947634
22203,沼津市,35.077310585396525,138.83055709821005
22205,熱海市,35.090648032903246,139.06324793964515
22206,三島市,35.13939591940735,138.94881289855894
22207,富士宮市,35.30254628475397,138.60881441030165
22208,伊東市,34.935641730264706,139.08724397040905
22209,島田市,34.912204075888845,138.12660797038157
22210,富士市,35.20108168747139,138.69906196124973
22211,磐田市,34.744573353214335,137.85049794293462
22212,焼津市,34.84026960283544,138.30131923036953
22213,掛川市,34.77995377700122,138.01895178960058
22214,藤枝市,34.91956653763054,138.23378327885231
22215,御殿場市,35.2989316662176,138.87901362306053
22216,袋井市,34.74182699967975,137.92804262170662
22219,下田市,34.708895807889405,138.9213612178973
22220,裾野市,35.225514757259596,138.87733541296294
22221,湖西市,34.72269469652071,137.52654816348996
22222,伊豆市,34.922314935891364,138.92590304756172
22223,御前崎市,34.648368975423224,138.1482122194814
22224,菊川市,34.7388309597585,138.1004664128206
22225,伊豆の国市,35.037993925557736,138.97294615967712
22226,牧之原市,34.73188852100613,138.18571542136146
22301,東伊豆町,34.82659660428917,139.02825841885388
22302,河津町,34.7861325785216,138.95258179764403
22304,南伊豆町,34.66436248104964,138.83150444467836
22305,松崎町,34.74582810742301,138.82040157504156
22306,西伊豆町,34.823365020066916,138.81727869391472
22325,函南町,35.11394706829733,138.99401574113006
22341,静岡清水町,35.09745418594234,138.8986970296646
22342,長泉町,35.16605857052512,138.8710016048357
22344,小山町,35.36004439137726,138.91927430032027
22424,吉田町,34.77352863880226,138.25715418402157
22429,川根本町,35.163643100852674,138.1033114679774
22461,静岡森町,34.8865672754864,137.94756088627778
23101,名古屋千種区,35.16975237852693,136.9617363085498
23102,名古屋東区,35.18311204553653,136.93234064260693
23103,名古屋北区,35.21117847179251,136.91788600504503
23104,名古屋西区,35.20719056615965,136.88330822918942
23105,名古屋中村区,35.16686866514648,136.86012607460898
23106,名古屋中区,35.163615002907896,136.9053275060397
23107,名古屋昭和区,35.14753756597949,136.94188479144887
23108,名古屋瑞穂区,35.125822107565014,136.93748170470755
23109,名古屋熱田区,35.12822131845338,136.90037555894298
23110,名古屋中川区,35.138971432007985,136.84473166512592
23111,名古屋港区,35.094461291671664,136.85234514877754
23112,名古屋南区,35.09419352957366,136.92351520941943
23113,名古屋守山区,35.220334675255785,136.99577819395307
23114,名古屋緑区,35.07778912416108,136.97000317956943
23115,名古屋名東区,35.167781359097184,137.0052979714318
23116,名古屋天白区,35.12265278275279,136.98374453468756
23201,豊橋市,34.73980840316184,137.4068997169785
23202,岡崎市,34.951068154411054,137.25828158849382
23203,一宮市,35.30873862164936,136.7930417814969
23204,瀬戸市,35.23815516784415,137.11675037482416
23205,半田市,34.89956087879156,136.9263222766375
23206,春日井市,35.273027753544476,137.00669984184063
23207,豊川市,34.84726092568357,137.36082708764442
23208,愛知津島市,35.169605129225864,136.75272307896867
23209,碧南市,34.87823610168726,136.99171619853783
23210,刈谷市,35.00290183068387,137.0174285968079
23211,豊田市,35.141933518933605,137.30122863851628
23212,安城市,34.943610951022414,137.07191258443035
23213,西尾市,34.832226162243366,137.07014851348774
23214,蒲郡市,34.82655296561679,137.22780875237436
23215,犬山市,35.361671594926385,136.9804335786456
23216,常滑市,34.88663108918262,136.85329223509513
23217,愛知江南市,35.34315122446715,136.87032594438088
23219,小牧市,35.29863925258893,136.95007815065753
23220,稲沢市,35.239787139126136,136.7634873513689
23221,新城市,34.96009128561762,137.54271586864925
23222,東海市,35.0262507467759,136.8998692502703
23223,大府市,35.018915031706406,136.95476940493057
23224,知多市,34.969962403104404,136.86386650898496
23225,知立市,34.999137559908164,137.04957633894247
23226,尾張旭市,35.217005189716694,137.03654529901925
23227,高浜市,34.932411233205755,136.99546059162978
23228,岩倉市,35.27841041962891,136.86875474559136
23229,豊明市,35.060577710855576,137.01021127861023
23230,日進市,35.137544263208866,137.0511267850182
23231,田原市,34.64092600128742,137.18376452625586
23232,愛西市,35.17181725225535,136.71129564236557
23233,清須市,35.21324095597309,136.8476455244745
23234,北名古屋市,35.24695150798869,136.87275274982954
23235,弥富市,35.081503838912646,136.76102014242085
23236,愛知みよし市,35.09424005003097,137.0888312720913
23237,あま市,35.18842210590375,136.80342265225582
23238,長久手市,35.17571847147874,137.05912453582516
23302,東郷町,35.1009967805272,137.05368300634183
23342,豊山町,35.250852818357366,136.9163015439101
23361,大口町,35.33134560465438,136.91089988570138
23362,扶桑町,35.36099250498886,136.9134062410622
23424,大治町,35.17342919325393,136.82235738085708
23425,蟹江町,35.1303071593414,136.78528231997078
23427,飛島村,35.06701028108614,136.80663016753797
23441,阿久比町,34.93501186137737,136.91087922354927
23442,東浦町,34.968828003200734,136.95539868872092
23445,南知多町,34.72753283906292,136.92230593998988
23446,愛知美浜町,34.77781486689627,136.88984708121237
23447,武豊町,34.84336834570356,136.90708516267102
23501,幸田町,34.86213642464912,137.16587295663163
23561,設楽町,35.12263544577617,137.55478547637512
23562,東栄町,35.089632307160294,137.69014066784834
23563,豊根村,35.171438808272434,137.73947630960353
24201,津市,34.65999826102809,136.36667503312694
24202,四日市市,34.97981161985731,136.57617306712848
24203,伊勢市,34.46747093628455,136.71582590700856
24204,松阪市,34.48669166329271,136.35694119350836
24205,桑名市,35.094202196253754,136.65621168124264
24207,鈴鹿市,34.8902299828975,136.5224051357029
24208,名張市,34.60921828133447,136.11826954288463
24209,尾鷲市,34.03691779409071,136.1829107316293
24210,亀山市,34.86866281674261,136.39344187331906
24211,鳥羽市,34.44552260533417,136.85826955652067
24212,熊野市,33.922918380975304,136.026376669888
24214,いなべ市,35.160611860991295,136.50787137640387
24215,志摩市,34.337954154794524,136.81337599932033
24216,伊賀市,34.74955977285039,136.18503559265986
24303,木曽岬町,35.065397122118846,136.74015451222502
24324,東員町,35.079501464276966,136.5897509026373
24341,菰野町,35.04026567783822,136.48357322326777
24343,三重朝日町,35.03637622836466,136.66149320537548
24344,川越町,35.01998090733711,136.68041383239694
24441,多気町,34.47020023161548,136.50152786182522
24442,三重明和町,34.55045787627125,136.62648601353013
24443,大台町,34.31608974175745,136.26265450780116
24461,玉城町,34.48092615148603,136.62065255496864
24470,度会町,34.39021410111622,136.5786546558152
24471,三重大紀町,34.31575064910919,136.4121177610658
24472,南伊勢町,34.31114234670197,136.58478406506103
24543,三重紀北町,34.17639689815233,136.23694682783164
24561,三重御浜町,33.83999657757567,136.0093122363792
24562,紀宝町,33.77195873086972,135.96946488785065
25201,大津市,35.08769093332467,135.91253049254848
25202,彦根市,35.26518660231852,136.20594504350083
25203,長浜市,35.50064161155951,136.22467890365442
25204,近江八幡市,35.165105536207335,136.07651100434498
25206,草津市,35.02607931170991,135.937992010282
25207,守山市,35.09015754178853,135.96984646473004
25208,栗東市,34.999041085618714,136.01421913526198
25209,甲賀市,34.91791586972221,136.17988493937898
25210,野洲市,35.103649180652816,136.02035381948576
25211,湖南市,34.99989461088946,136.0873774896708
25212,高島市,35.37194013205503,135.98610096504135
25213,東近江市,35.1070641336258,136.28728833142122
25214,米原市,35.38387166721444,136.35086245126723
25383,滋賀日野町,35.012990380759064,136.26367659314354
25384,竜王町,35.05757880716374,136.11335733330304
25425,愛荘町,35.16923098503434,136.24798822971331
25441,豊郷町,35.198361702768985,136.23175268487904
25442,甲良町,35.20248142983094,136.26509370167005
25443,多賀町,35.21078270133069,136.34437816150302
26101,京都北区,35.10255038175465,135.71339308211367
26102,京都上京区,35.026731410598615,135.75291310094454
26103,京都左京区,35.16563850993755,135.79623804123244
26104,京都中京区,35.01035018983073,135.7467712114215
26105,京都東山区,34.9910223417493,135.77870856450224
26106,京都下京区,34.992885628970726,135.75050217801882
26107,京都南区,34.96731590970834,135.73558421033016
26108,京都右京区,35.14897189574391,135.6651318016636
26109,京都伏見区,34.93694770567802,135.77478098845728
26110,京都山科区,34.98318040447577,135.81639494672658
26111,京都西京区,34.97291111466261,135.66047579288502
26201,福知山市,35.324047221189225,135.11330792600276
26202,舞鶴市,35.470050947390035,135.33998488533092
26203,綾部市,35.3526398902074,135.34463869015332
26204,宇治市,34.902965431140885,135.820387622807
26205,宮津市,35.571873153617545,135.2068803351257
26206,亀岡市,35.01021874363698,135.53899490765176
26207,城陽市,34.84567614474315,135.7975968597803
26208,向日市,34.94975244963469,135.70267924025225
26209,長岡京市,34.924580120742725,135.6801116778544
26210,八幡市,34.86663025287693,135.71469258998562
26211,京田辺市,34.80655918103236,135.75859387269563
26212,京丹後市,35.63083047263029,135.04580877381673
26213,南丹市,35.22740007981688,135.55937994972632
26214,木津川市,34.75123529724088,135.84779209159322
26303,大山崎町,34.90215949593354,135.68711781765873
26322,久御山町,34.888959910663885,135.74731705744423
26343,井手町,34.81022387256078,135.8286972331756
26344,宇治田原町,34.85492609520669,135.8875714570499
26364,笠置町,34.76429817061312,135.94833715736718
26365,和束町,34.8104555221857,135.92937626324408
26366,精華町,34.75749358461629,135.7759408065086
26367,南山城村,34.76612703503322,136.00243776884835
26407,京丹波町,35.223280302555985,135.39108660071116
26463,伊根町,35.71415077089209,135.2476788406511
26465,与謝野町,35.51007477418253,135.10219735321505
27102,大阪都島区,34.71192747607994,135.52721398504755
27103,大阪福島区,34.69389516570718,135.4753391827623
27104,大阪此花区,34.66806634737075,135.42020128277346
27106,大阪西区,34.67775638313031,135.4837533137167
27107,大阪港区,34.660325217998874,135.45084144991523
27108,大阪大正区,34.64410211982202,135.4663278703777
27109,大阪天王寺区,34.659906672122375,135.52035475744842
27111,大阪浪速区,34.659615144984116,135.49535735833098
27113,大阪西淀川区,34.70388261921809,135.44119345414836
27114,大阪東淀川区,34.743302997334276,135.53082443189106
27115,大阪東成区,34.67314156046943,135.54691525833343
27116,大阪生野区,34.652366606210386,135.54439376035606
27117,大阪旭区,34.7255150063686,135.54726670557028
27118,大阪城東区,34.696611519542685,135.5489289737093
27119,大阪阿倍野区,34.63304182737241,135.5134949087869
27120,大阪住吉区,34.604901823280336,135.5046821305686
27121,大阪東住吉区,34.61901790702812,135.53162004918843
27122,大阪西成区,34.638646572551124,135.49003563283972
27123,大阪淀川区,34.72903283289759,135.48216095673342
27124,大阪鶴見区,34.70347152348353,135.57541241134973
27125,大阪住之江区,34.620490535398744,135.44710432324374
27126,大阪平野区,34.61504170405317,135.56069986616484
27127,大阪北区,34.70519502365875,135.50190645057515
27128,大阪中央区,34.68011934511728,135.51412265533213
27141,大阪堺市堺区,34.58114855139952,135.46893739094233
27142,大阪堺市中区,34.52439378809691,135.5040898494629
27143,大阪堺市東区,34.53557717618754,135.5341704994703
27144,大阪堺市西区,34.54886318201158,135.44840463473034
27145,大阪堺市南区,34.47580770926033,135.5065401912786
27146,大阪堺市北区,34.5653336967483,135.51309438554694
27147,大阪堺市美原区,34.5361666839867,135.56365536197117
27202,岸和田市,34.42801414113713,135.4153150612119
27203,豊中市,34.78191016075958,135.47275860562038
27204,池田市,34.83444389144102,135.4382561282166
27205,吹田市,34.78555412308172,135.51907069380064
27206,泉大津市,34.5075018385418,135.40401340472832
27207,高槻市,34.88079591928573,135.60791425208086
27208,貝塚市,34.40107425738354,135.3850906582404
27209,守口市,34.74175175092976,135.57636987472353
27210,枚方市,34.81762911310814,135.68170450568215
27211,茨木市,34.85588116833634,135.54997038445427
27212,八尾市,34.6202634456808,135.61618832177376
27213,泉佐野市,34.3803556821893,135.33538056904172
27214,富田林市,34.488828455486896,135.59430571058044
27215,寝屋川市,34.7653968809799,135.62695552114673
27216,河内長野市,34.40547660822795,135.56690994081825
27217,松原市,34.58021326401089,135.55117061540855
27218,大東市,34.71284268833328,135.6357489703083
27219,大阪和泉市,34.43134997831682,135.47163564202847
27220,箕面市,34.85590538014114,135.4792500968866
27221,柏原市,34.57901724454877,135.6463577469663
27222,羽曳野市,34.54815482743539,135.6059985103738
27223,門真市,34.73214946390902,135.59934002035652
27224,摂津市,34.77600077226819,135.56956087078623
27225,高石市,34.52882791259886,135.42962557227514
27226,藤井寺市,34.574146945108616,135.60401721735354
27227,東大阪市,34.67112442435164,135.617596682443
27228,泉南市,34.354018600024965,135.28943234836774
27229,四條畷市,34.732427748565776,135.66783116740228
27230,交野市,34.77215971931699,135.68691779345764
27231,大阪狭山市,34.4964568651389,135.54892551603257
27232,阪南市,34.33116714658909,135.23520007958533
27301,島本町,34.898873620613514,135.653244177278
27321,豊能町,34.91382958596125,135.48220825474186
27322,能勢町,34.98083747721512,135.41295468137764
27341,忠岡町,34.49242315574828,135.3938729147407
27361,熊取町,34.389034003802536,135.3639787010924
27362,田尻町,34.41699855308488,135.257752807989
27366,大阪岬町,34.303205172032456,135.15203330685495
27381,大阪太子町,34.517647559054815,135.65269300347063
27382,河南町,34.48455142893207,135.64896612138926
27383,千早赤阪村,34.43843674961481,135.64812194094466
28101,神戸東灘区,34.72205768887552,135.27111138830364
28102,神戸灘区,34.73398665655798,135.2280806590814
28105,神戸兵庫区,34.6796710646859,135.1652639681783
28106,神戸長田区,34.66846647477211,135.14443684197155
28107,神戸須磨区,34.67098165277252,135.10639501539632
28108,神戸垂水区,34.64943776645444,135.05969605262857
28109,神戸北区,34.79620158021976,135.1714311464678
28110,神戸中央区,34.68427663879131,135.2031603353196
28111,神戸西区,34.71770860537069,135.01680812338438
28201,姫路市,34.90066178603519,134.66506389713348
28202,尼崎市,34.73427276440167,135.41135676634215
28203,明石市,34.682948522400686,134.94041702910096
28204,西宮市,34.78442447685144,135.312736026551
28205,洲本市,34.3390168023761,134.85464243822324
28206,芦屋市,34.74577347667991,135.29972371631658
28207,伊丹市,34.785415502544346,135.4067980577071
28208,相生市,34.8405772717979,134.45567728385257
28209,豊岡市,35.51286825960044,134.82650550411927
28210,加古川市,34.79150893403981,134.8510728851211
28212,赤穂市,34.78886917147357,134.37253115369927
28213,西脇市,35.00921908410448,134.99487320955976
28214,宝塚市,34.85412334479909,135.3354518235157
28215,三木市,34.835301567606194,135.05894403039997
28216,高砂市,34.775211291805874,134.78578701417544
28217,川西市,34.87747295855876,135.41104535979287
28218,小野市,34.858743110233625,134.95150756962454
28219,三田市,34.952109159610366,135.21752974387545
28220,加西市,34.9232391261073,134.85415965450184
28221,丹波篠山市,35.073475758498816,135.23171153009588
28222,養父市,35.353056000348616,134.6859342590013
28223,丹波市,35.17460540608,135.04946135263395
28224,南あわじ市,34.27388509714263,134.76497745558945
28225,朝来市,35.26091642526757,134.82558172757044
28226,淡路市,34.494673220954645,134.9132912976012
28227,宍粟市,35.15371848844679,134.5452309387896
28228,加東市,34.927720220598005,135.02249966537067
28229,たつの市,34.88769564998548,134.51881021858048
28301,猪名川町,34.94612675446226,135.3497983646489
28365,多可町,35.08361157789677,134.904889058605
28381,兵庫稲美町,34.75240352685054,134.92349136844155
28382,播磨町,34.71299451244289,134.864440112926
28442,市川町,35.014136852702286,134.7812998521795
28443,福崎町,34.96300554614792,134.7510025974311
28446,兵庫神河町,35.110561322162134,134.76880731051
28464,兵庫太子町,34.833257956885724,134.59103785168935
28481,上郡町,34.88654836337784,134.3503835005875
28501,佐用町,35.02029479836736,134.37054594976829
28585,兵庫香美町,35.523305694106064,134.59032585012395
28586,新温泉町,35.55967003250685,134.48272214456836
29201,奈良市,34.67447918070478,135.8909406381746
29202,大和高田市,34.510082288331176,135.74374146207086
29203,大和郡山市,34.63391937115368,135.77472425297228
29204,天理市,34.59561760632999,135.86426808758753
29205,橿原市,34.50139659409683,135.78993879376378
29206,桜井市,34.52144846374425,135.879691155
29207,五條市,34.256853197439554,135.75043824742997
29208,御所市,34.43317497204311,135.7209587727287
29209,生駒市,34.70792641394683,135.71037089332572
29210,香芝市,34.5486147896256,135.69003170774252
29211,葛城市,34.496829108186006,135.7046308311482
29212,宇陀市,34.520358769176326,135.997859541831
29322,山添村,34.664148226956094,136.02689160653335
29342,平群町,34.63308602081488,135.68834043480462
29343,三郷町,34.603560722229616,135.68393063960514
29344,斑鳩町,34.6139352802693,135.73052279849574
29345,安堵町,34.601810679515886,135.75537598414877
29361,奈良川西町,34.58781133317745,135.77238588380663
29362,三宅町,34.57362113093852,135.77391679725005
29363,田原本町,34.55406264544389,135.7937760239576
29385,曽爾村,34.51835480415521,136.12272609293674
29386,御杖村,34.477736945568026,136.1594362062939
29401,高取町,34.43813677096833,135.79479845116484
29402,明日香村,34.45891645089892,135.82813024454796
29424,上牧町,34.56549104793737,135.71545396479013
29425,王寺町,34.58468285357249,135.69591313538186
29426,広陵町,34.55072153429478,135.74678141095177
29427,河合町,34.58007767825345,135.7321477454535
29441,吉野町,34.398706574843374,135.89358291626382
29442,大淀町,34.402889697191846,135.7985321166585
29443,下市町,34.337764453088894,135.8068346327718
29444,黒滝村,34.30800723852291,135.86393755187513
29446,天川村,34.22717757562193,135.86840992640808
29447,野迫川村,34.1360953681322,135.64453850490278
29449,十津川村,34.010666869018635,135.76426975174286
29450,下北山村,34.045354586297535,135.95232359634855
29451,上北山村,34.13756283813696,136.02048699366065
29452,奈良川上村,34.29268315200087,136.02043677650468
29453,東吉野村,34.406633212253126,136.02791961964226
30201,和歌山市,34.24173413795288,135.1969489132353
30202,海南市,34.141174461351476,135.22541838225143
30203,橋本市,34.32270757208481,135.61014004917158
30204,有田市,34.08225432302464,135.14186715029842
30205,御坊市,33.88040604557776,135.17599813296528
30206,田辺市,33.82625686221912,135.57759159195416
30207,新宮市,33.76615930315485,135.85921080244754
30208,紀の川市,34.254107263977744,135.39406925616922
30209,岩出市,34.280908191568315,135.30557896375984
30304,紀美野町,34.15397789837921,135.38935592246574
30341,かつらぎ町,34.23647740470245,135.51240256985074
30343,九度山町,34.266121343496856,135.58005573229354
30344,高野町,34.214402198344004,135.60908377129766
30361,湯浅町,34.03552888330565,135.1925279320592
30362,和歌山広川町,33.991177279453964,135.20708495207248
30366,有田川町,34.07192105360651,135.3664035699275
30381,和歌山美浜町,33.89559768753242,135.11548122167324
30382,和歌山日高町,33.93282116919011,135.12185352239112
30383,由良町,33.97586789592098,135.1217872350807
30390,和歌山印南町,33.85632038834366,135.27874657816227
30391,みなべ町,33.82953276541983,135.34986138601533
30392,日高川町,33.95969319815209,135.35847645858132
30401,白浜町,33.63633919296499,135.47218414960122
30404,上富田町,33.706300597082866,135.45726531273718
30406,すさみ町,33.571596884921725,135.57050764516464
30421,那智勝浦町,33.64247232395949,135.87521610315724
30422,太地町,33.59204514805462,135.9414613833632
30424,古座川町,33.61114863280166,135.73560218902225
30427,北山村,33.95987392018142,135.95144915095847
30428,串本町,33.51433035058349,135.76398361452226
31201,鳥取市,35.42981646037965,134.15815301796593
31202,米子市,35.43413215393426,133.35921747488413
31203,倉吉市,35.39054878002649,133.7455920658539
31204,境港市,35.518846525559624,133.2312645960304
31302,岩美町,35.54458635803634,134.36260469633027
31325,鳥取若桜町,35.32270113793395,134.4404240516568
31328,智頭町,35.24960288385534,134.26267607366347
31329,八頭町,35.38144892184522,134.32086087639635
31364,三朝町,35.35270956969249,133.8939325588391
31370,湯梨浜町,35.472687293616936,133.90928070730112
31371,琴浦町,35.45028310998835,133.64092214708853
31372,北栄町,35.47586803941406,133.76885246949573
31384,日吉津村,35.443939921689505,133.37947069915475
31386,大山町,35.452757501942216,133.5287604107285
31389,鳥取南部町,35.32054914936165,133.3500943748365
31390,伯耆町,35.33330086879103,133.44182312496994
31401,日南町,35.157619417741145,133.26124836034208
31402,鳥取日野町,35.20971832753761,133.41491340872568
31403,江府町,35.293368829665184,133.52107163258992
32201,松江市,35.467946672781004,133.0688370429136
32202,浜田市,34.8217985228014,132.1411793026495
32203,出雲市,35.34546460052724,132.75461823342943
32204,益田市,34.624248198351744,131.94417538235194
32205,大田市,35.135660845635876,132.494265942227
32206,安来市,35.33394253061074,133.19954119960508
32207,江津市,34.97487938347753,132.29568536097105
32209,雲南市,35.24359426403029,132.89546068892227
32343,奥出雲町,35.15788490567484,133.04162712477375
32386,飯南町,35.06105195211826,132.73711859401902
32441,川本町,34.99041120410054,132.47818444349844
32448,島根美郷町,35.029582174612045,132.59913837959598
32449,邑南町,34.87679821842762,132.50169734960954
32501,津和野町,34.51257603072534,131.80834235093644
32505,吉賀町,34.39445724335735,131.89187288445675
32525,海士町,36.08465277847756,133.10036059354414
32526,西ノ島町,36.0964149431821,133.01584640479078
32527,知夫村,36.01419918750425,133.03211855276334
32528,隠岐の島町,36.25213998007997,133.27805836157742
33101,岡山北区,34.7719986414412,133.88105522614427
33102,岡山中区,34.660855769089835,133.96593918794528
33103,岡山東区,34.67674442100986,134.05034810109944
33104,岡山南区,34.583987953748974,133.90521992578275
33202,倉敷市,34.55757329479187,133.746499099794
33203,津山市,35.13855242744699,134.02994058440058
33204,玉野市,34.51731249898078,133.9359624318268
33205,笠岡市,34.501305515185095,133.51172222318786
33207,井原市,34.65033108834893,133.4736991780739
33208,総社市,34.70269901723008,133.70216345972767
33209,高梁市,34.81719303591803,133.52253375960987
33210,新見市,35.01571784157722,133.44899574912554
33211,備前市,34.79316703072653,134.2340366212226
33212,瀬戸内市,34.66535018877762,134.1416348372603
33213,赤磐市,34.83367284039011,134.03947716433885
33214,真庭市,35.13548958244392,133.69356646381073
33215,美作市,35.04283657299366,134.2299448403196
33216,浅口市,34.53605620096372,133.59455678441
33346,和気町,34.8386928607926,134.1378732758076
33423,早島町,34.6084982123062,133.82290458587642
33445,里庄町,34.513134803249216,133.55678107581008
33461,矢掛町,34.63099702570238,133.58981564101336
33586,新庄村,35.203226333927795,133.5604116355852
33606,鏡野町,35.206104019718865,133.9088920659863
33622,勝央町,35.05794030148848,134.13031098220438
33623,奈義町,35.136241370147864,134.18449909384893
33643,西粟倉村,35.193304371240245,134.34094451257522
33663,久米南町,34.92239588567986,133.95782757260255
33666,岡山美咲町,34.98364620300853,133.93829001562588
33681,吉備中央町,34.85856539548746,133.75098549903697
34101,広島中区,34.38110216338676,132.449127890763
34102,広島東区,34.428501499122106,132.51402893419248
34103,広島南区,34.35890763455591,132.47299148030268
34104,広島西区,34.39322156070223,132.4162312369665
34105,広島安佐南区,34.468842676237394,132.4104433948914
34106,広島安佐北区,34.53648847527396,132.5269276968966
34107,広島安芸区,34.39830327926418,132.5906393831632
34108,広島佐伯区,34.458697041563,132.29498600399344
34202,呉市,34.22368808213263,132.63037573385773
34203,竹原市,34.367911308658066,132.8820992328319
34204,三原市,34.45638110893608,133.00393212486566
34205,尾道市,34.4270533880969,133.16275476406605
34207,福山市,34.52074395935961,133.3358763243281
34208,広島府中市,34.636490740065376,133.17505559373438
34209,広島三次市,34.79310836807996,132.86607596217874
34210,庄原市,34.945586975036115,133.0665081062359
34211,大竹市,34.26058736864878,132.18855428905567
34212,東広島市,34.44761338596865,132.76107671526745
34213,廿日市市,34.39776262457459,132.18583286511824
34214,安芸高田市,34.702919856015725,132.67846894671433
34215,江田島市,34.21437873769768,132.44394895833005
34302,府中町,34.39750082516309,132.51739042356326
34304,海田町,34.36676599837622,132.55285960013867
34307,熊野町,34.34576989336637,132.5916661458584
34309,坂町,34.324417053653896,132.513919531528
34368,安芸太田町,34.603135825531446,132.2560888881642
34369,北広島町,34.70709430277825,132.40115502668846
34431,大崎上島町,34.24247354958694,132.89241139391697
34462,世羅町,34.61412170125558,133.01680624211755
34545,神石高原町,34.75540037229696,133.26157524479623
35201,下関市,34.16870630475621,130.99095931098446
35202,宇部市,34.04444031614907,131.27528322614978
35203,山口市,34.233627449385835,131.57627291495766
35204,萩市,34.431986719446094,131.50951310228967
35206,防府市,34.068994610384536,131.57150299117794
35207,下松市,34.03002449323338,131.88439179598015
35208,岩国市,34.20577967106452,132.06677728503593
35210,光市,33.98021630810155,131.97773323263877
35211,長門市,34.34957007285913,131.14603596541338
35212,柳井市,33.95722458892731,132.13701167694654
35213,美祢市,34.209505469940495,131.25254054005828
35215,周南市,34.148971990741565,131.82664097108932
35216,山陽小野田市,34.04039011374055,131.15758344815777
35305,周防大島町,33.91477870258341,132.28250889549957
35321,和木町,34.195640317842035,132.2116064387276
35341,上関町,33.80637434873787,132.07052706884016
35343,田布施町,33.95196615152295,132.03056771302838
35344,平生町,33.91639311712732,132.0879016474435
35502,阿武町,34.53080655154927,131.5528917419772
36201,徳島市,34.049697754172975,134.52430170964183
36202,鳴門市,34.187809683247885,134.54960800471693
36203,小松島市,33.9841977361194,134.5956366450544
36204,阿南市,33.87711368333596,134.60652508068728
36205,吉野川市,34.03705954079175,134.28353436062937
36206,阿波市,34.12183957321526,134.2889559730394
36207,美馬市,34.01889894091252,134.14332121447944
36208,徳島三好市,33.93346931142942,133.85181036103123
36301,勝浦町,33.92859568171188,134.4895505016558
36302,上勝町,33.900183203644474,134.38333907058737
36321,佐那河内村,33.982534566532536,134.45253430623754
36341,石井町,34.0779939466461,134.4335665694333
36342,神山町,33.97697671142191,134.3371158712415
36368,那賀町,33.8001283888108,134.26293447857196
36383,牟岐町,33.686642026542735,134.41720610449477
36387,美波町,33.75304100895511,134.51190168144012
36388,海陽町,33.64574193259842,134.2732032926841
36401,松茂町,34.135235304429116,134.59284873192755
36402,北島町,34.12741164948312,134.5499614158753
36403,藍住町,34.12656089482586,134.49444740738687
36404,板野町,34.15261689541829,134.45235845291532
36405,上板町,34.13076547588687,134.40608532463227
36468,つるぎ町,33.962461230346044,134.0536739712298
36489,東みよし町,34.03558689514229,133.91788645385543
37201,高松市,34.26933716351925,134.05412000073255
37202,丸亀市,34.28321891965028,133.8158003851235
37203,坂出市,34.32338701209281,133.89214438720882
37204,善通寺市,34.224181428925355,133.7777510976064
37205,観音寺市,34.07935990861935,133.67476864329538
37206,さぬき市,34.26630380689917,134.21316468482277
37207,東かがわ市,34.211953920604934,134.3331407146179
37208,三豊市,34.162282241005585,133.72462715008655
37322,土庄町,34.50741632033265,134.19840807720539
37324,小豆島町,34.490670726471045,134.29382907907305
37341,三木町,34.233389636491545,134.13817797902422
37364,直島町,34.46754734793098,133.98891486846807
37386,宇多津町,34.30874557840428,133.8263398598585
37387,綾川町,34.209974376543464,133.962360624144
37403,琴平町,34.19545278212589,133.818124708506
37404,多度津町,34.27045434524277,133.72796555872995
37406,まんのう町,34.1412403018193,133.91237352114342
38201,松山市,33.88303890277122,132.79102482730028
38202,今治市,34.07858705652613,132.9759261895475
38203,宇和島市,33.17730824759755,132.55523259156638
38204,八幡浜市,33.47175252885201,132.43133167032732
38205,新居浜市,33.90068222420055,133.32964159265117
38206,西条市,33.86133373503671,133.11224301214926
38207,大洲市,33.52017522472074,132.59827348081075
38210,伊予市,33.681669095511566,132.6894139742401
38213,四国中央市,33.935559496067235,133.53615047041222
38214,西予市,33.39410624776369,132.63269291076858
38215,東温市,33.803707234283,132.92674204596153
38356,上島町,34.25161117861375,133.19303517850665
38386,久万高原町,33.63560808592446,132.98496656466827
38401,愛媛松前町,33.79177540871979,132.72563077272233
38402,砥部町,33.69498677465329,132.78918414803172
38422,内子町,33.56964480615066,132.75705464098883
38442,伊方町,33.43393868243804,132.21302145474166
38484,松野町,33.20531888459269,132.7117163271398
38488,愛媛鬼北町,33.29987525282074,132.74951366324325
38506,愛南町,32.9885381294409,132.58133635337856
39201,高知市,33.5803038474276,133.5082309252174
39202,室戸市,33.38350075376707,134.14828422515606
39203,安芸市,33.58795590503764,133.95431800442566
39204,南国市,33.609810855154414,133.62529132272738
39205,土佐市,33.47525486395388,133.3900430892427
39206,須崎市,33.41167785853991,133.30400933768155
39208,宿毛市,32.96134333886938,132.7342820598726
39209,土佐清水市,32.82697401795995,132.89555320860296
39210,四万十市,33.0815373940827,132.8522006398919
39211,高知香南市,33.583518650262064,133.78013282875077
39212,香美市,33.708112173360796,133.85318436507535
39301,東洋町,33.51793018133061,134.2407263718779
39302,奈半利町,33.42035087275636,134.0564185138644
39303,田野町,33.43886554594403,134.01255599864132
39304,安田町,33.487838570367025,134.00714693670005
39305,北川村,33.51738052089166,134.11852499971704
39306,馬路村,33.62277369778954,134.08968350898778
39307,芸西村,33.548588971529895,133.82717171752955
39341,本山町,33.79189276082741,133.58162568097887
39344,大豊町,33.79156239330596,133.7205034333102
39363,土佐町,33.733565682605075,133.48238911848242
39364,大川村,33.80065992785447,133.41289308972586
39386,いの町,33.68078054113189,133.3120917413679
39387,仁淀川町,33.582441553175464,133.1308396236192
39401,中土佐町,33.33916228798827,133.16699481382452
39402,佐川町,33.497339685317066,133.27394287390032
39403,越知町,33.542959606726285,133.2218184474905
39405,梼原町,33.39567818176862,132.92548122680384
39410,日高村,33.53896816156727,133.35431010405307
39411,高知津野町,33.423188064991,133.08512945116576
39412,四万十町,33.23354666691882,133.0203851242395
39424,大月町,32.814459837322985,132.70854851751986
39427,三原村,32.90249847715122,132.85152216870551
39428,黒潮町,33.08405699331687,133.059436744105
40101,北九州門司区,33.90774531606022,130.9709735584054
40103,北九州若松区,33.91566387994106,130.75188745436597
40105,北九州戸畑区,33.90110314340249,130.8347706444169
40106,北九州小倉北区,33.87919114449823,130.8762023464875
40107,北九州小倉南区,33.799031311782805,130.88301013178122
40108,北九州八幡東区,33.84979951990156,130.80894525519912
40109,北九州八幡西区,33.8319906877161,130.747279466254
40131,福岡東区,33.65665219850786,130.41842235867327
40132,福岡博多区,33.58002651185863,130.44330752357288
40133,福岡中央区,33.58402379331279,130.3863343617525
40134,福岡南区,33.541593173822186,130.41003871744905
40135,福岡西区,33.58497998337124,130.26950257407597
40136,福岡城南区,33.54882279538757,130.37035401528053
40137,福岡早良区,33.49619112053209,130.34091930352037
40202,大牟田市,33.0460833412387,130.46898415978742
40203,久留米市,33.30538867492246,130.56710259665482
40204,直方市,33.75116977615873,130.74590462061926
40205,飯塚市,33.613534678241436,130.66097311977484
40206,田川市,33.63160650761085,130.79959501759993
40207,柳川市,33.14818396084897,130.409639742651
40210,八女市,33.19876959924431,130.70199954765036
40211,筑後市,33.20748982297301,130.4912128084268
40212,大川市,33.2057807035108,130.38184232310388
40213,行橋市,33.71385215932495,130.97111077536138
40214,豊前市,33.56864612352421,131.07763096299564
40215,中間市,33.82049394863945,130.70659721164375
40216,小郡市,33.40033270833767,130.56441898890344
40217,筑紫野市,33.485146853266684,130.54386103393705
40218,春日市,33.52404099667683,130.4564022856298
40219,大野城市,33.51302744387651,130.4792353360119
40220,宗像市,33.82302647105767,130.54436741589888
40221,太宰府市,33.520187891676414,130.52515638226086
40223,福岡古賀市,33.72140415841456,130.49943082198072
40224,福津市,33.779964602242636,130.49771185180057
40225,うきは市,33.3118393285898,130.79323557652472
40226,宮若市,33.71558907606954,130.61504643012208
40227,嘉麻市,33.53663633492354,130.74026769906172
40228,朝倉市,33.41684495956971,130.7416608402278
40229,みやま市,33.126020063665074,130.49620442570472
40230,糸島市,33.533324151085914,130.18040271202773
40231,那珂川市,33.46477022972269,130.42206411465716
40341,宇美町,33.56291510366925,130.53688265024962
40342,篠栗町,33.62456014217429,130.54716090895982
40343,志免町,33.58756473291568,130.47628711033641
40344,須恵町,33.592362507111446,130.5186919357552
40345,新宮町,33.702014692393995,130.4571444230071
40348,久山町,33.66682090060455,130.51670450852663
40349,粕屋町,33.61583965527685,130.47454942397204
40381,芦屋町,33.891345509821065,130.66297463251797
40382,水巻町,33.85573057719381,130.6938819440075
40383,岡垣町,33.85418435854506,130.60464514192014
40384,遠賀町,33.845774457788224,130.66262032963894
40401,小竹町,33.70494310072688,130.70438934075443
40402,鞍手町,33.78418654638522,130.66969976642463
40421,桂川町,33.57454658761989,130.67962558183902
40447,筑前町,33.460878776262575,130.6192224776573
40448,東峰村,33.437097763745655,130.84923081444745
40503,大刀洗町,33.38094764640652,130.61498162571087
40522,大木町,33.21261296262292,130.44084405529463
40544,福岡広川町,33.25213177539229,130.57256070388732
40601,香春町,33.68471277389215,130.8547684691899
40602,添田町,33.51399752930968,130.879045310541
40604,糸田町,33.65546474680817,130.77263870560603
40605,福岡川崎町,33.570527283854204,130.8146140420589
40608,大任町,33.612178061822505,130.85176533764894
40609,赤村,33.60659323033439,130.887858625478
40610,福智町,33.701443934688925,130.78625736951528
40621,苅田町,33.771333003907706,130.96885853676304
40625,みやこ町,33.62947631324537,130.93601931748194
40642,吉富町,33.6054854219726,131.17049207150606
40646,上毛町,33.54151301124176,131.1400053438014
40647,築上町,33.608354038188104,131.0158277879599
41201,佐賀市,33.32501860049417,130.26504225591302
41202,唐津市,33.41718936263177,129.99812601475546
41203,鳥栖市,33.378750917409555,130.4916662900699
41204,多久市,33.276305809212374,130.10531184152435
41205,伊万里市,33.301775601251165,129.8877181422924
41206,武雄市,33.201566226129984,129.9977320833301
41207,佐賀鹿島市,33.05930905576503,130.09403410763946
41208,小城市,33.27892260083387,130.19655469260815
41209,嬉野市,33.09491218881133,130.01529458123608
41210,神埼市,33.34747098155521,130.3514678560564
41327,吉野ヶ里町,33.36357906296664,130.39650359913213
41341,基山町,33.4259746764793,130.50948518032533
41345,上峰町,33.338291933639816,130.42186112696737
41346,みやき町,33.3246371343189,130.44456073772076
41387,玄海町,33.4768670074446,129.867636684295
41401,有田町,33.199286739565174,129.86490062134976
41423,大町町,33.21752326558305,130.1149529651194
41424,江北町,33.21908827724262,130.15732693188744
41425,白石町,33.16487877140428,130.14625740524485
41441,太良町,32.99491403098688,130.1515747799734
42201,長崎市,32.781975758996786,129.82707035807002
42203,島原市,32.79439769494818,130.32929759900918
42204,諫早市,32.869168277031356,130.06955893016666
42205,大村市,32.9397740087611,129.99298493321584
42207,平戸市,33.31598553616771,129.48683568969093
42208,松浦市,33.35345983133259,129.73500261407966
42209,長崎対馬市,34.40868837590923,129.32593719494318
42210,壱岐市,33.78557329393387,129.71674166927255
42211,五島市,32.69924717301037,128.76893474643006
42212,西海市,32.992632895540225,129.68193002046826
42213,雲仙市,32.78620964878218,130.22658220307156
42214,南島原市,32.67568188487509,130.25710382999463
42307,長与町,32.83057141249896,129.88417925471384
42308,時津町,32.83873496845792,129.82991516025382
42321,東彼杵町,33.03417233187449,129.9574020900871
42322,川棚町,33.08164273603769,129.8701029857768
42323,波佐見町,33.132408442518816,129.8990952246293
42383,小値賀町,33.196162767193684,129.07080418094748
42391,佐々町,33.24458094682988,129.656362873079
42411,新上五島町,32.95275451908744,129.06860233045103
43101,熊本中央区,32.79933055552136,130.7224534236183
43102,熊本東区,32.804301299283836,130.77571304132638
43103,熊本西区,32.81017160304983,130.64171393862642
43104,熊本南区,32.725787267746554,130.69131953060756
43105,熊本北区,32.890573881779616,130.69877500187982
43202,八代市,32.49057344700075,130.7502163768508
43203,人吉市,32.163670429820485,130.74959867896945
43204,荒尾市,32.97614501747463,130.47547364951305
43205,水俣市,32.170588570404,130.4620292311502
43206,玉名市,32.9155334648743,130.56015274172375
43208,山鹿市,33.05587869712502,130.7230833306533
43210,菊池市,32.99108663654223,130.8552216357328
43211,宇土市,32.68084067277002,130.61304807168534
43212,上天草市,32.49570667454854,130.4082653163072
43213,宇城市,32.62667863056809,130.65479710303413
43214,阿蘇市,32.95608401393393,131.09456974457268
43215,天草市,32.38516625406742,130.1501819194825
43216,合志市,32.893051822468976,130.7686695374146
43348,熊本美里町,32.61357860731921,130.87153095008915
43364,玉東町,32.90173656264707,130.6290966416711
43367,南関町,33.03515161158642,130.55010615776493
43368,長洲町,32.92850147000677,130.46806998495674
43369,和水町,33.041179986525,130.61412146570754
43403,大津町,32.89579097614376,130.90513840336357
43404,菊陽町,32.85922107903582,130.8237143576676
43423,南小国町,33.06804228665647,131.09053779346942
43424,熊本小国町,33.14259735064516,131.07110680964055
43425,産山村,33.01072177829924,131.2052551174118
43428,熊本高森町,32.8404871141402,131.20297022264694
43432,西原村,32.82229502955255,130.93141911690975
43433,南阿蘇村,32.84409490711664,131.03730445571324
43441,御船町,32.73063018261645,130.8575273375347
43442,嘉島町,32.74601012415224,130.75557516833732
43443,益城町,32.787491506774074,130.83398663794247
43444,甲佐町,32.67197062207735,130.8170390953615
43447,山都町,32.69910875975157,131.0492081873561
43468,氷川町,32.57507033508127,130.67594201308682
43482,芦北町,32.29159214136179,130.54126822921185
43484,津奈木町,32.2414646003607,130.46038268514403
43501,錦町,32.18242871747701,130.84911858074395
43505,多良木町,32.24345639581318,130.99248288914515
43506,湯前町,32.27152109609284,131.0115398332815
43507,水上村,32.36521255780337,131.01702997862057
43510,相良村,32.30278177988502,130.82946710012462
43511,五木村,32.42014980848132,130.84006667299465
43512,山江村,32.31488478304202,130.75675858670778
43513,球磨村,32.2608831947492,130.6509441435606
43514,あさぎり町,32.20875657148749,130.91896155416765
43531,苓北町,32.48587304205803,130.07169228591698
44201,大分市,33.17960538830928,131.64065920085002
44202,別府市,33.285765195029185,131.45287468184972
44203,中津市,33.46477971200829,131.12658099497563
44204,日田市,33.24452694240105,130.95061936486243
44205,佐伯市,32.886040387936816,131.77621438082838
44206,臼杵市,33.072283162421634,131.74461445785346
44207,津久見市,33.070319328892445,131.867117654753
44208,竹田市,32.99774601285391,131.32723553086237
44209,豊後高田市,33.5757375734898,131.50689389823353
44210,杵築市,33.447266336797284,131.53676730839516
44211,宇佐市,33.449997506322326,131.33658108735332
44212,豊後大野市,32.97249596176094,131.5120889410029
44213,由布市,33.208554528776595,131.38415576757126
44214,国東市,33.56428428349291,131.65063547223463
44322,姫島村,33.7279611225807,131.66372046340896
44341,日出町,33.37629515635418,131.5275331128957
44461,九重町,33.19244401410785,131.21262209643407
44462,玖珠町,33.30441830493113,131.16143748125074
45201,宮崎市,31.892112257559504,131.35846066221572
45202,都城市,31.809207633357953,131.07903407140574
45203,延岡市,32.672375465862466,131.64314415082197
45204,日南市,31.649985556764623,131.3310827480371
45205,小林市,32.03410948512642,131.04021397220563
45206,日向市,32.377162549625645,131.52307049285784
45207,串間市,31.485693246335416,131.26483253500655
45208,西都市,32.17285517138348,131.3154445176765
45209,えびの市,32.04628699310313,130.83885470382808
45341,三股町,31.731057463217983,131.17702539824262
45361,高原町,31.922752508182985,130.9976842306181
45382,国富町,32.03898595066031,131.28765946746893
45383,綾町,32.03166070840867,131.2085421762651
45401,高鍋町,32.13147524295233,131.50248463345005
45402,新富町,32.081962675529354,131.46615666222561
45403,西米良村,32.22613781084497,131.15915088119002
45404,木城町,32.24455720108126,131.39790847348087
45405,川南町,32.20935461965078,131.5036615432732
45406,宮崎都農町,32.278474028088276,131.50749690990608
45421,門川町,32.49141861814938,131.59207217096818
45429,諸塚村,32.558249186323444,131.30612352274886
45430,椎葉村,32.46167815257437,131.14298377238856
45431,宮崎美郷町,32.44004264882823,131.37115561504208
45441,高千穂町,32.746840547327515,131.31457288160033
45442,日之影町,32.691647163355476,131.41360238167434
45443,五ヶ瀬町,32.6437299916322,131.18985258554264
46201,鹿児島市,31.579086204366334,130.52829817214774
46203,鹿屋市,31.426675016212933,130.8673768830721
46204,枕崎市,31.290216092447867,130.31086918852628
46206,阿久根市,32.016422938903034,130.2330995357725
46208,鹿児島出水市,32.063462152949405,130.36389893862034
46210,指宿市,31.230263792916123,130.58312082716904
46213,西之表市,30.70502899882787,131.01576570002905
46214,垂水市,31.51183973102334,130.76302209727922
46216,日置市,31.599308688503807,130.38205888306322
46217,曽於市,31.656152944441498,130.9746934094423
46218,霧島市,31.805518759289804,130.7817737136664
46219,いちき串木野市,31.732769679847753,130.28883150035207
46220,南さつま市,31.387973001633,130.2696345465018
46221,志布志市,31.531417393543485,131.09166744741404
46222,奄美市,28.34465286899373,129.50113755818478
46223,南九州市,31.340413420435535,130.43676920122647
46224,伊佐市,32.058353442680776,130.6010277022716
46225,姶良市,31.781095132955954,130.59607408084875
46303,三島村,30.812948057645634,130.13508913423757
46304,鹿児島十島村,29.688823375504423,129.71295353751776
46392,さつま町,31.937539551227083,130.4760258925167
46404,長島町,32.18622149220967,130.16646204472923
46452,湧水町,31.96884259229412,130.7286132985335
46468,大崎町,31.464285588496256,130.97468104457636
46482,東串良町,31.38294010037942,130.98866531217902
46490,錦江町,31.216934723842062,130.85816209549765
46491,南大隅町,31.121999992406344,130.77363890725474
46492,肝付町,31.265047399779146,130.99137336778406
46501,中種子町,30.537645172421104,130.95964756558269
46502,南種子町,30.412471700001205,130.90913235913618
46505,屋久島町,30.34688899341739,130.50137841817852
46523,大和村,28.329985574361302,129.3570226949322
46524,宇検村,28.271898586685342,129.27369966768308
46525,瀬戸内町,28.15688452165948,129.2856295942636
46527,龍郷町,28.41011598797103,129.5802984047332
46529,喜界町,28.322933479498246,129.97249552563548
46530,徳之島町,27.794575104694818,128.9735853185087
46531,天城町,27.80217913181036,128.92260005944166
46532,伊仙町,27.703870154813533,128.94174389245123
46533,和泊町,27.399906201204587,128.63918455932114
46534,知名町,27.365078961345482,128.5657421491489
46535,与論町,27.04283503077654,128.4308405796283
47201,那覇市,26.21105459545075,127.68616173802683
47205,宜野湾市,26.274520688059212,127.75592347041267
47207,石垣市,24.465307774430013,124.18859482849597
47208,浦添市,26.25121600610584,127.7146781537108
47209,名護市,26.585137732278877,128.0245699365175
47210,糸満市,26.118079782134785,127.68669732036709
47211,沖縄市,26.352297242273004,127.80810883981741
47212,豊見城市,26.173496108563334,127.67919883570939
47213,うるま市,26.36745561233468,127.87408673700895
47214,宮古島市,24.78582946370882,125.30119419502374
47215,南城市,26.163744387181467,127.77880649351961
47301,国頭村,26.761669449072212,128.25472582302453
47302,大宜味村,26.671523775081283,128.13866553594954
47303,東村,26.648549141497778,128.1896940757284
47306,今帰仁村,26.68006845883143,127.96703839706733
47308,本部町,26.658485529052356,127.90898216774069
47311,恩納村,26.475952499527082,127.85272029679217
47313,宜野座村,26.494808631458874,127.96647909426068
47314,金武町,26.465149926665713,127.90183555661054
47315,伊江村,26.72174692137467,127.78947890594559
47324,読谷村,26.39999680449733,127.74625785101505
47325,嘉手納町,26.36438556796704,127.76722391113468
47326,北谷町,26.32135099473507,127.7644232194202
47327,北中城村,26.303345286906126,127.7972615593417
47328,中城村,26.26349532283914,127.78774477615562
47329,西原町,26.22938030802493,127.7592705058592
47348,与那原町,26.202088387187658,127.75822930949167
47350,南風原町,26.194200546208638,127.72865557167086
47353,渡嘉敷村,26.196363653452202,127.3734997393762
47354,座間味村,26.209469431287676,127.28712695853893
47355,粟国村,26.58767932204426,127.2293681380465
47356,渡名喜村,26.36604672120462,127.14393555876266
47357,南大東村,25.8431616715258,131.24276402639896
47358,北大東村,25.815098045169655,131.296671534068
47359,伊平屋村,27.04718654357239,127.9706961609021
47360,伊是名村,26.93303918573047,127.93655999711268
47361,久米島町,26.410476804357028,126.8328004078012
47362,八重瀬町,26.138467487909907,127.72656277580282
47375,多良間村,24.66665755495196,124.69881081912949
47381,竹富町,24.321944260796695,123.8281774726568
47382,与那国町,24.455370555876726,122.98896682996622
4220201,佐世保市,33.204262919385705,129.6799323351204
4621501,薩摩川内市,31.823867350931117,130.25930051381766
